No,Url,Valid,Message,Issue-url,Tag,Category
0,https://api.github.com/repos/jhy/jsoup/commits/fb15b71b11b2a8f00a2a52e7df83429b7c0fa436,False, changelog typo, , ,None
1,https://api.github.com/repos/jhy/jsoup/commits/adbfd71cfbe2fe2eb7a8b986a57676d0eb76e546,True, speed improvement stack thousand item deep non matching close tag sent fix 1596,https://api.github.com/repos/jhy/jsoup/issues/1596,fuzz,None
2,https://api.github.com/repos/jhy/jsoup/commits/cd90f3f437e4963fb7d3e014c03638cac071ac49,True, bypass ownerdocument scan setting attribute tree builder fix 1595,https://api.github.com/repos/jhy/jsoup/issues/1595,fuzz,None
3,https://api.github.com/repos/jhy/jsoup/commits/b09511eb6510fd1ea70deaf55f60d0ccc4814c45,True, limit far stack scan foster element prevents unbounded scan supplied crafted html fix 1593,https://api.github.com/repos/jhy/jsoup/issues/1593,fixed,None
4,https://api.github.com/repos/jhy/jsoup/commits/4fa7c82af8ca51d4af9477a667441fe8153025a3,False, bump jetty server 1592 bump jetty server http github.com eclipse jetty.project release note http github.com eclipse jetty.project release commits http github.com eclipse jetty.project compare jetty ... jetty  updated dependency dependency name jetty server dependency type direct development update type version update semver patch ... signed dependabot bot support github.com authored dependabot bot 49699333 dependabot bot, , ,None
5,https://api.github.com/repos/jhy/jsoup/commits/e10b0ee038e3c36a906c75e74f1b491c074a531b,False, dependabot ignore name fixed 1591, , ,None
6,https://api.github.com/repos/jhy/jsoup/commits/2c8b57892849485ced7b946221b1eb3194e03529,False, bump maven source plugin 3.0.1 3.2.1 1587 bump maven source plugin http github.com apache maven source plugin 3.0.1 3.2.1 release note http github.com apache maven source plugin release commits http github.com apache maven source plugin compare maven source plugin 3.0.1 ... maven source plugin 3.2.1  updated dependency dependency name maven source plugin dependency type direct production update type version update semver minor ... signed dependabot bot support github.com authored dependabot bot 49699333 dependabot bot, , ,None
7,https://api.github.com/repos/jhy/jsoup/commits/bc0ee7d94c386e04fc06657aa05ac256a1d17f0c,False, bump japicmp maven plugin 0.15.2 0.15.3 1588 bump japicmp maven plugin http github.com siom79 japicmp 0.15.2 0.15.3 release note http github.com siom79 japicmp release changelog http github.com siom79 japicmp blob master release.py commits http github.com siom79 japicmp compare japicmp base 0.15.2 ... japicmp base 0.15.3  updated dependency dependency name japicmp maven plugin dependency type direct production update type version update semver patch ... signed dependabot bot support github.com authored dependabot bot 49699333 dependabot bot, , ,None
8,https://api.github.com/repos/jhy/jsoup/commits/034f1f75466ca5cd3700cd62024d7d6b31526498,False, bump animal sniffer maven plugin 1.16 1.20 1590 bump animal sniffer maven plugin http github.com mojohaus animal sniffer 1.16 1.20 release note http github.com mojohaus animal sniffer release commits http github.com mojohaus animal sniffer compare animal sniffer parent 1.16 ... animal sniffer parent 1.20  updated dependency dependency name animal sniffer maven plugin dependency type direct production update type version update semver minor ... signed dependabot bot support github.com authored dependabot bot 49699333 dependabot bot, , ,None
9,https://api.github.com/repos/jhy/jsoup/commits/ee8cfdafaa85d75e3593f2ba101663909117c62a,False, ignore major jetty update dependabot 1581, , ,None
10,https://api.github.com/repos/jhy/jsoup/commits/4ac8a93b0a85f666941ef0198556d1e2395991eb,False, consume empty sub query fix issue1425, , ,None
11,https://api.github.com/repos/jhy/jsoup/commits/5fc8403e5019db62f50057366a96174ef49a1761,False, deprecated old unused method tokenqueue, , ,None
12,https://api.github.com/repos/jhy/jsoup/commits/6e9efc9f4dd3cd307e3dae7fbc67bdb0b92936d7,False, merge branch master http github.com jhy jsoup, , ,None
13,https://api.github.com/repos/jhy/jsoup/commits/b80008f55f71c913f32f74aebf1e85e7bd6baebd,True, changelog pattern.quote 1536,https://api.github.com/repos/jhy/jsoup/issues/1536, ,None
14,https://api.github.com/repos/jhy/jsoup/commits/d4f91c5eba9be87cd7d6ca90275e2200a4a6ff65,True, support match quoted pattern 1536 fix 986 doc variable name tweak 1536 authored jonathan hedley jonathan hedley.net,https://api.github.com/repos/jhy/jsoup/issues/1536, ,None
15,https://api.github.com/repos/jhy/jsoup/commits/009dbb16861978db1f25272f12f61343cc11055e,True, perf increase attribute name packed thousand nullchars fix 1580 attribute name,https://api.github.com/repos/jhy/jsoup/issues/1580,fixed,None
16,https://api.github.com/repos/jhy/jsoup/commits/fce241b57f1e0292b143a11d31b8abf9ad949398,True, skip empty attribute value serializing xml processing instruction fix 770,https://api.github.com/repos/jhy/jsoup/issues/770,bug,None
17,https://api.github.com/repos/jhy/jsoup/commits/d3922f5ad4ac03226f5ad3f95a433588ddc73c05,False, bump maven jar plugin 3.0.2 3.2.0 1586 bump maven jar plugin http github.com apache maven jar plugin 3.0.2 3.2.0 release note http github.com apache maven jar plugin release commits http github.com apache maven jar plugin compare maven jar plugin 3.0.2 ... maven jar plugin 3.2.0  updated dependency dependency name maven jar plugin dependency type direct production update type version update semver minor ... signed dependabot bot support github.com authored dependabot bot 49699333 dependabot bot, , ,None
18,https://api.github.com/repos/jhy/jsoup/commits/e67e5fec16200856d437c98506f19b832c8f6a70,False, bump maven surefire plugin 3.0.0 3.0.0 1585 bump maven surefire plugin http github.com apache maven surefire 3.0.0 3.0.0 release note http github.com apache maven surefire release commits http github.com apache maven surefire compare surefire 3.0.0 ... surefire 3.0.0  updated dependency dependency name maven surefire plugin dependency type direct production update type version update semver patch ... signed dependabot bot support github.com authored dependabot bot 49699333 dependabot bot, , ,None
19,https://api.github.com/repos/jhy/jsoup/commits/300c521fcc3fce49a199a59f672a62111ee27171,False, bump junit jupiter 5.6.0 5.7.2 1584 bump junit jupiter http github.com junit team junit5 5.6.0 5.7.2 release note http github.com junit team junit5 release commits http github.com junit team junit5 compare r5.6.0 ... r5.7.2  updated dependency dependency name junit jupiter dependency type direct development update type version update semver minor ... signed dependabot bot support github.com authored dependabot bot 49699333 dependabot bot, , ,None
20,https://api.github.com/repos/jhy/jsoup/commits/21389ed8f6ffd9a1cb5e3ca3d1e15e34f83d01b4,False, bump maven javadoc plugin 3.1.0 3.3.0 1583 bump maven javadoc plugin http github.com apache maven javadoc plugin 3.1.0 3.3.0 release note http github.com apache maven javadoc plugin release commits http github.com apache maven javadoc plugin compare maven javadoc plugin 3.1.0 ... maven javadoc plugin 3.3.0  updated dependency dependency name maven javadoc plugin dependency type direct production update type version update semver minor ... signed dependabot bot support github.com authored dependabot bot 49699333 dependabot bot, , ,None
21,https://api.github.com/repos/jhy/jsoup/commits/0d803c9556a5e81792fe3b54c452d38d44089c28,False, bump maven resource plugin 3.0.1 3.2.0 1582 bump maven resource plugin http github.com apache maven resource plugin 3.0.1 3.2.0 release note http github.com apache maven resource plugin release commits http github.com apache maven resource plugin compare maven resource plugin 3.0.1 ... maven resource plugin 3.2.0  updated dependency dependency name maven resource plugin dependency type direct production update type version update semver minor ... signed dependabot bot support github.com authored dependabot bot 49699333 dependabot bot, , ,None
22,https://api.github.com/repos/jhy/jsoup/commits/bf0e74d7cc5ff794efba7860c95b1893ade9efd8,False, minor code cleanup flyweight, , ,None
23,https://api.github.com/repos/jhy/jsoup/commits/1f0b68f5b620928d8f4bfd8658aa7628ee49d1de,True, perf limit attribute count per element 512 prevents runaway situation improve 1578,https://api.github.com/repos/jhy/jsoup/issues/1578,fuzz,None
24,https://api.github.com/repos/jhy/jsoup/commits/ab34da41de20717b3e556d5562143c918cc02fbc,False, update attributes.size excluding internalkeys size meant scanning key array every invocation updated reflect total size instead use aslist.size non internal count ever actually required internal key seldom used base url document current use low impact change preferred adding another int track method keep object size byte, , ,None
25,https://api.github.com/repos/jhy/jsoup/commits/426e35ec1cd48cd2802e031fc8b4ef4a42de0482,True, fix evaluator wildcard namespace query wildcard namespace selector also match element namespace fix 1565,https://api.github.com/repos/jhy/jsoup/issues/1565,bug,None
26,https://api.github.com/repos/jhy/jsoup/commits/6b04287f66d7677e9b2f275123f2dff4b934c5f2,True, fix potential stack overflow intable fix 1577 intable state make sure actually broke intable trying reprocess token otherwise insert directly,https://api.github.com/repos/jhy/jsoup/issues/1577,fixed,Risky_resource_management
27,https://api.github.com/repos/jhy/jsoup/commits/32d9878413a4cf5d392e57d8325153b3a6aa8c3c,True, testcase 1557,https://api.github.com/repos/jhy/jsoup/issues/1557,no-repro,None
28,https://api.github.com/repos/jhy/jsoup/commits/2676f413ede8139d58bf6ea43aae8c82d0b301ff,True, updated fix 1491 need add support template tag,https://api.github.com/repos/jhy/jsoup/issues/1491,bug,None
29,https://api.github.com/repos/jhy/jsoup/commits/049204c2d47eb26315b519de65c89b692f92230c,False, safety validation, , ,None
30,https://api.github.com/repos/jhy/jsoup/commits/2dc914f4e40b5a6d6018572231d26c30c40b0d4f,False, make sure entity reader closed immediately really mean much string maybe useful hint, , ,None
31,https://api.github.com/repos/jhy/jsoup/commits/607995d903570968ca0c41a82d7a37b89b979a4b,False, make sure output stream closed, , ,None
32,https://api.github.com/repos/jhy/jsoup/commits/78f42893727546ef1d2843ca581c322292659f1c,False, make sure post fail immediately cleaned, , ,None
33,https://api.github.com/repos/jhy/jsoup/commits/e62a447c85a65f67f311a82bddd320e0d5a1301c,False, wrap stream finally close ensure closed error big diff change wrapping try finally, , ,None
34,https://api.github.com/repos/jhy/jsoup/commits/17d56d13afa74c2786bd3fac6224a270c8add4b0,False, suppress incorrect super.clone warning, , ,None
35,https://api.github.com/repos/jhy/jsoup/commits/2b8253d100a401963fec81ebe734513858506e30,True, test fuzz overflow 1577 repro fixed another commit,https://api.github.com/repos/jhy/jsoup/issues/1577,fixed,None
36,https://api.github.com/repos/jhy/jsoup/commits/9031164b7f2acfd99391a7149d4f865b6b79e9d7,True, make sure null element added stack fix 1579,https://api.github.com/repos/jhy/jsoup/issues/1579,fixed,None
37,https://api.github.com/repos/jhy/jsoup/commits/478b568061b317c79ba6fd018d9ac5fa931bdb02,True, rangecheck bookmark fix 1576,https://api.github.com/repos/jhy/jsoup/issues/1576,fuzz,None
38,https://api.github.com/repos/jhy/jsoup/commits/68890368513e30e3aeba9ec0ef4dbe8e1c173707,True, tag null char consume one hit stepping fix 1580 fuzz timeout,https://api.github.com/repos/jhy/jsoup/issues/1580,fixed,None
39,https://api.github.com/repos/jhy/jsoup/commits/5986ca1d8ed0c68a35f42ea0b919d8ec66c3294e,False, zip fuzz test file, , ,None
40,https://api.github.com/repos/jhy/jsoup/commits/738d673dea00a989f2c530b67dff7500597ee884,False, merge branch master http github.com jhy jsoup, , ,None
41,https://api.github.com/repos/jhy/jsoup/commits/b1f70e9dc3fc06b8e1e7a320819eafe6cddb5c51,False, prep pom 1.14.2, , ,None
42,https://api.github.com/repos/jhy/jsoup/commits/2e5bf64bcd69452bd9cfe5b469c58149d5d0dd27,False, bump maven failsafe plugin 3.0.0 3.0.0 1571 bump maven failsafe plugin http github.com apache maven surefire 3.0.0 3.0.0 release note http github.com apache maven surefire release commits http github.com apache maven surefire compare surefire 3.0.0 ... surefire 3.0.0  updated dependency dependency name maven failsafe plugin dependency type direct production update type version update semver patch ... signed dependabot bot support github.com authored dependabot bot 49699333 dependabot bot, , ,None
43,https://api.github.com/repos/jhy/jsoup/commits/5f6830bcaf46448e2b6fe5f862669c19624dbd89,False, bump gson 2.7 2.8.7 1572 bump gson http github.com google gson 2.7 2.8.7 release note http github.com google gson release changelog http github.com google gson blob master changelog.md commits http github.com google gson compare gson parent 2.7 ... gson parent 2.8.7  updated dependency dependency name gson dependency type direct development update type version update semver minor ... signed dependabot bot support github.com authored dependabot bot 49699333 dependabot bot, , ,None
44,https://api.github.com/repos/jhy/jsoup/commits/cd40d54231ca8cfb9046180d6bfa8d7f4832779d,False, bump maven compiler plugin 3.8.0 3.8.1 1573 bump maven compiler plugin http github.com apache maven compiler plugin 3.8.0 3.8.1 release note http github.com apache maven compiler plugin release commits http github.com apache maven compiler plugin compare maven compiler plugin 3.8.0 ... maven compiler plugin 3.8.1  updated dependency dependency name maven compiler plugin dependency type direct production update type version update semver patch ... signed dependabot bot support github.com authored dependabot bot 49699333 dependabot bot, , ,None
45,https://api.github.com/repos/jhy/jsoup/commits/3a2ce47fc83279d2ee14297dd3dd0e180c26210c,False, bump maven bundle plugin 2.5.4 5.1.2 1575 bump maven bundle plugin 2.5.4 5.1.2  updated dependency dependency name maven bundle plugin dependency type direct production update type version update semver major ... signed dependabot bot support github.com authored dependabot bot 49699333 dependabot bot, , ,None
46,https://api.github.com/repos/jhy/jsoup/commits/0e7938caaf960dbe6a5dd0318cd5689f32bf9383,False, attempt dupe github action flow, , ,None
47,https://api.github.com/repos/jhy/jsoup/commits/a067d5a25f46fe88219a2eb3f4c6c4d5961eeee4,False, switch faster string indexof char method 1348, , ,None
48,https://api.github.com/repos/jhy/jsoup/commits/d3c4a2ee87b7f6d08e7754e934495ff7693601c8,False, dependabot configuration 1570, , ,None
49,https://api.github.com/repos/jhy/jsoup/commits/b24f2e463231269e9bc1e9118a70b9fd654f1a2f,False, maven release plugin prepare release jsoup 1.14.1, , ,None
50,https://api.github.com/repos/jhy/jsoup/commits/0bd588555f088b550ee5b046c34bb1ae8ae33e3f,False, release prep changelog update, , ,None
51,https://api.github.com/repos/jhy/jsoup/commits/f0345613a58ff6b9699b051ad7bcf8105529355b,False, code cleanup, , ,None
52,https://api.github.com/repos/jhy/jsoup/commits/0a5a7ef1c69319cb2fd3f70eb0c9c85e5c972d71,False, minor cleanup, , ,None
53,https://api.github.com/repos/jhy/jsoup/commits/cedf83c47f5fe58c4c9b2514c864bc2d576321d4,False, cleanup utf bom recognition, , ,None
54,https://api.github.com/repos/jhy/jsoup/commits/87085a830179877087dd0ae4480b53555b42a80e,True, changelog 1482,https://api.github.com/repos/jhy/jsoup/issues/1482,improvement,None
55,https://api.github.com/repos/jhy/jsoup/commits/8db724e82cc73f921adc2fad900e10655438e662,False, resolve abnormal url compliance rfc3986 1482, , ,None
56,https://api.github.com/repos/jhy/jsoup/commits/661523f261c750ffa2a6148316b3946e30349558,True, changelog adoption agency fix fix 845 1517,https://api.github.com/repos/jhy/jsoup/issues/1517, ,None
57,https://api.github.com/repos/jhy/jsoup/commits/e45e53c849197be70364a63db8a7c6c8971c1ead,False, complete adoption agency algorithm 1517 follow adoption agency algorithm, , ,None
58,https://api.github.com/repos/jhy/jsoup/commits/f49f92c4c29cc2a8440c4ffccc2fb248cdd30694,False, robust prevention xml declaration recursion, , ,None
59,https://api.github.com/repos/jhy/jsoup/commits/81d80c3f6ae215724935c0371cb79208d126dca4,False, merge branch master http github.com jhy jsoup, , ,None
60,https://api.github.com/repos/jhy/jsoup/commits/48d86458bfef17e5ed1118235c422b7a9d4e5c7c,True, try unconsume potential bufferup moving rcdata tagopen state fix 1542 able directly test sample fuzz output able reconstruct code execution path error standard unit test also reviewed unconsume verified directly consume bufferup potential trigger underrun,https://api.github.com/repos/jhy/jsoup/issues/1542,bug,None
61,https://api.github.com/repos/jhy/jsoup/commits/0acf488bbf47e48669617d49468be8698762428d,False, codeql analysis added including weekly cron build 1494, , ,None
62,https://api.github.com/repos/jhy/jsoup/commits/d19d96c57979a76229172c78b093792dbdf5dcb4,False, java build changed release version 1503, , ,None
63,https://api.github.com/repos/jhy/jsoup/commits/ed83e92f7707cc361bc556fc1a4021e05315a7e4,True, limit check depth 256 prevents runaway nested formatting check fix 1544,https://api.github.com/repos/jhy/jsoup/issues/1544,fixed,None
64,https://api.github.com/repos/jhy/jsoup/commits/f8d4e12814cee17ab8ee1812692e86b7a867b695,True, updated parser rule nested tfoot tag fix 1543,https://api.github.com/repos/jhy/jsoup/issues/1543,bug,None
65,https://api.github.com/repos/jhy/jsoup/commits/32064f089cdd59e3ed3f54bff3e160d94523d5c7,False, bump jetty 9.4.42 jetty used test build time, , ,None
66,https://api.github.com/repos/jhy/jsoup/commits/e718ddd847e15331d7d204a021b7f0aa80628a68,True, testcase fux 1542 repro yet,https://api.github.com/repos/jhy/jsoup/issues/1542,bug,None
67,https://api.github.com/repos/jhy/jsoup/commits/f84549e9fb5618cf58e37dc2f00adb8a279da371,True, recurse chasing xml declaration fix 1539,https://api.github.com/repos/jhy/jsoup/issues/1539,bug,None
68,https://api.github.com/repos/jhy/jsoup/commits/33da0583c5dff6b20b291f4709addf2afbea8ecb,True, fix potential npe fix 1538,https://api.github.com/repos/jhy/jsoup/issues/1538,bug,None
69,https://api.github.com/repos/jhy/jsoup/commits/14419a6b6bd7be5d6a2b68f90edec48fd8032bf8,True, absurl attribute recurse fix 1541,https://api.github.com/repos/jhy/jsoup/issues/1541,bug,None
70,https://api.github.com/repos/jhy/jsoup/commits/528d85f3a99bf3a064eb8582af0643e1cc65f206,True, using xml parser default xml output make sure attribute escaped xml output mode fix 1420,https://api.github.com/repos/jhy/jsoup/issues/1420,bug,None
71,https://api.github.com/repos/jhy/jsoup/commits/8a168eafd89ecbc109f811cfa2056f0722eaff0b,True, changelog note new session support 1476,https://api.github.com/repos/jhy/jsoup/issues/1476,improvement,None
72,https://api.github.com/repos/jhy/jsoup/commits/ae9a18c9e1382b5d8bad14d09279eda725490c25,False, clarified cleaner documentation, , ,None
73,https://api.github.com/repos/jhy/jsoup/commits/73e23c1aafe283c227b22993a9c9510d1113ac86,False, minor performance improvement selector.select 1479, , ,None
74,https://api.github.com/repos/jhy/jsoup/commits/b431fb2dd002c0425d5938ca2ce4d1c967336a5b,False, add easy request session state corrects cookie domain path rule 1476, , ,None
75,https://api.github.com/repos/jhy/jsoup/commits/55e5a4284e0b45f57380f062a933a746564b264a,False, clarified nullability annotation within connection httpconnection, , ,None
76,https://api.github.com/repos/jhy/jsoup/commits/7d4f963539e6206af7f79af5ef08c8fb7535746c,False, update japicmp enable jdk build 1475, , ,None
77,https://api.github.com/repos/jhy/jsoup/commits/1736e79861a2b17923e0b4e5b35ffccd729b3026,False, javadoc typo, , ,None
78,https://api.github.com/repos/jhy/jsoup/commits/5174584e4d52135e82652d021aa2faf64bf31074,False, simple test detect document normalized example code http 65612378 153184, , ,None
79,https://api.github.com/repos/jhy/jsoup/commits/0802228b14ca2bf411bd06c69dc562d0b8e96a36,False, fixed dangling brace, , ,None
80,https://api.github.com/repos/jhy/jsoup/commits/78e14c4b7bd13baef6f153ecbcc91e21d2f929a3,False, happy new year 2021, , ,None
81,https://api.github.com/repos/jhy/jsoup/commits/90fd58cdaee35d4e9b4b9a405bf155be12b02b0b,False, testcase noscript eof token, , ,None
82,https://api.github.com/repos/jhy/jsoup/commits/ec03d27474df95abcf36e038e1c98997f57096e0,False, dont emit eof character token occuring due casting eof token string 540, , ,None
83,https://api.github.com/repos/jhy/jsoup/commits/40a7d354d59bdf3d22c09586a3ea7d85b22b9ea1,False, corrected changelog order, , ,None
84,https://api.github.com/repos/jhy/jsoup/commits/165b3c8225eaed0dd3bff1284375b1ff4340c9ad,True, w3cdom treat illegal tag name text node fix 1093,https://api.github.com/repos/jhy/jsoup/issues/1093,bug,None
85,https://api.github.com/repos/jhy/jsoup/commits/42d77caa66546bfeb4451b0061c74569e3100815,False, use switch jump table combinator selection, , ,None
86,https://api.github.com/repos/jhy/jsoup/commits/4861505419b35b5373d00840b3f06775ccbf1454,False, fix tostring method evaluator, , ,None
87,https://api.github.com/repos/jhy/jsoup/commits/8e7dedbb257d2080b058cb732d068114d4b2bb67,True, testcase demonstrate tab retention 1240,https://api.github.com/repos/jhy/jsoup/issues/1240, ,None
88,https://api.github.com/repos/jhy/jsoup/commits/7cf9d03bf311494df652a05c2528eb06b2373f9d,True, element cssselector check unique using fix 1085,https://api.github.com/repos/jhy/jsoup/issues/1085,bug,None
89,https://api.github.com/repos/jhy/jsoup/commits/dd054bb724f25f2ecfaa6fd9e6c1ce51186d0d66,True, testcase selecting direct child close 984,https://api.github.com/repos/jhy/jsoup/issues/984, ,None
90,https://api.github.com/repos/jhy/jsoup/commits/f104b5ad54eeeee2eae319242e5f3ccd92c7deb9,False, corrected idn host notice idn url chrome chrome place punycode version clipboard, , ,None
91,https://api.github.com/repos/jhy/jsoup/commits/21b01b258952fd6aeb55d061f98321e5b9fe93e0,True, added support domain name idns fix 1300,https://api.github.com/repos/jhy/jsoup/issues/1300,fixed,None
92,https://api.github.com/repos/jhy/jsoup/commits/032f021538a1cca90278c2cdf5321c95b7b61083,False, javadoc fix first sentence, , ,None
93,https://api.github.com/repos/jhy/jsoup/commits/79496d8d047f2d0774e0ad9d8169a021cb828fab,True, call behavior change childnodes see 1431,https://api.github.com/repos/jhy/jsoup/issues/1431,fixed,None
94,https://api.github.com/repos/jhy/jsoup/commits/28792633d291818bca6cdcc1ed890afe8ca8b4ea,False, auto vivify attribute child node read ops save good amount memory garbage partic selector attribute traversal, , ,None
95,https://api.github.com/repos/jhy/jsoup/commits/3afde5830e5bc811dfaf214be86652e2c1f95489,True, added appendchildren prependchildren wrap node child prevent cmes added element insertchildren elment prependchildren convenience method addition element insertchildren index child bulk moving node although node childnodes return view child still directly backed internal child list made looping moving child another element throw method return list separated change parent content impact child view fix 1431,https://api.github.com/repos/jhy/jsoup/issues/1431,fixed,None
96,https://api.github.com/repos/jhy/jsoup/commits/fbd74e726108934eb7002a24aeef60c589eafdef,False, doc hint rename, , ,None
97,https://api.github.com/repos/jhy/jsoup/commits/d66decd3c6ce450c19f276e9693a2727b7aa9748,True, support node node traversal close 1289,https://api.github.com/repos/jhy/jsoup/issues/1289,fixed,None
98,https://api.github.com/repos/jhy/jsoup/commits/45f62328cf44c396ad15be266197807cf42ca0f8,False, typo, , ,None
99,https://api.github.com/repos/jhy/jsoup/commits/1a0ba6a331a2776ae56d0111481f4b25e67bb1a5,True, test 1186,https://api.github.com/repos/jhy/jsoup/issues/1186,duplicate,None
100,https://api.github.com/repos/jhy/jsoup/commits/50576455fd4f244375d05b029c25b3b17edfbb74,False, tweaked new attribute always hitting array.copy marginal improvement new string array.copy basically thing improvement using min size fewer resize copy, , ,None
101,https://api.github.com/repos/jhy/jsoup/commits/b482e0081bf51e4d6f94393fef4d1dc743fe41dd,False, typo, , ,None
102,https://api.github.com/repos/jhy/jsoup/commits/c2ef8e9785d814fcb2b805df120a99036267ed81,False, simplified loop showing profiling needed two option, , ,None
103,https://api.github.com/repos/jhy/jsoup/commits/1c5071f150d20b17e47707c6db72e72fa299be15,False, removed obsolete method, , ,None
104,https://api.github.com/repos/jhy/jsoup/commits/af763d07c41085fcf518e547857d419ffb455d52,False, document body return framset frameset doc, , ,None
105,https://api.github.com/repos/jhy/jsoup/commits/60bf584667ab1e3cb03ad02209b3b9006bb58519,False, reimplemented url fetch test use local jetty server, , ,None
106,https://api.github.com/repos/jhy/jsoup/commits/1b170925e005cb7d42c874827d72d677cfee74b2,False, reimplemented form upload test, , ,None
107,https://api.github.com/repos/jhy/jsoup/commits/982c993a1b886a807d7facc47dcb29dbed2961f3,True, fix elements.forms form method used return formelement directly element collection behavior broken since fix 1384,https://api.github.com/repos/jhy/jsoup/issues/1384,bug,None
108,https://api.github.com/repos/jhy/jsoup/commits/6a047bfe495d4c8ae827c9522fbf3fa525d8fdd7,True, testcase safelist extension close 937,https://api.github.com/repos/jhy/jsoup/issues/937, ,None
109,https://api.github.com/repos/jhy/jsoup/commits/3f75b90de261b6a19121fd07cd477f45fc500bde,True, test case close 1410,https://api.github.com/repos/jhy/jsoup/issues/1410,bug,None
110,https://api.github.com/repos/jhy/jsoup/commits/690d601950bf44fc84dcc711b2ef265f9542df62,True, test body null frameset implemented commit close 1453,https://api.github.com/repos/jhy/jsoup/issues/1453,fixed,None
111,https://api.github.com/repos/jhy/jsoup/commits/724b2c5bf576cbd548738756bfe5f7a7b90c6239,True, parsing fragment use context node insert child ensures data script style treated datanode textnode fix 1419,https://api.github.com/repos/jhy/jsoup/issues/1419,fixed,None
112,https://api.github.com/repos/jhy/jsoup/commits/afd73606a90909444e1c443b555dae7b71e6a5a0,False, performance improvement clone setbaseuri call redundant base uri lazy loaded element walking parent stack find walk performance setbaseuri clone worse also updated stringutil limit padding wide otherwise outerhtml string format made hassamevalue blowing heap deep node, , ,None
113,https://api.github.com/repos/jhy/jsoup/commits/3c37bffed94c19c5f500217eb568bcdf394be64e,False, link issue, , ,None
114,https://api.github.com/repos/jhy/jsoup/commits/20797a47313b115eb220f4df74d39da9de94f5e0,False, disable pretty printing xml input default, , ,None
115,https://api.github.com/repos/jhy/jsoup/commits/532b79a61ae8191e2927c59300af68d18a54aa4e,False, clone outputsettings dirty clean document, , ,None
116,https://api.github.com/repos/jhy/jsoup/commits/1350463cd819c924497f1cc260ab0096ea270e34,False, make sure get exported manifest include javax annotation, , ,None
117,https://api.github.com/repos/jhy/jsoup/commits/9b8e81ab9b7c92d59bfa3977f9ee5cb78ee5b40c,False, nullability assertion, , ,None
118,https://api.github.com/repos/jhy/jsoup/commits/b03e2d2ef38a44bd3e15eb790d6bfcc6aaf5b34f,False, fixed typo, , ,None
119,https://api.github.com/repos/jhy/jsoup/commits/415f625565edde917945beedb201285d744365d3,False, updated document head body normalize always return element also fixed cleaner whitelist method, , ,None
120,https://api.github.com/repos/jhy/jsoup/commits/77fcaf4dcdc8fd185e2f5d8eb6aa9c425a38bc9b,False, added nullability annotation node package fixed npes, , ,None
121,https://api.github.com/repos/jhy/jsoup/commits/5727d18a04df73982ce8e6d77e965cb768cfee7d,False, added element string setter symmetrical element getter, , ,None
122,https://api.github.com/repos/jhy/jsoup/commits/4dc96506ca76074e59341cf1e7ef46450baf777a,False, text javadoc clarification, , ,None
123,https://api.github.com/repos/jhy/jsoup/commits/457aea0619e1dad63e03a8b7b7a61d030d5ec946,False, javadoc tweak, , ,None
124,https://api.github.com/repos/jhy/jsoup/commits/a7c07d968dd76c24cea805363f00550a84e15533,False, fix issue addnodes could incorrectly reparent, , ,None
125,https://api.github.com/repos/jhy/jsoup/commits/ee05221daeba68e00fb452341b13dd6520334630,False, minor code tweak, , ,None
126,https://api.github.com/repos/jhy/jsoup/commits/43c35a792cf234c2c86616a81a4097c0d3ab693d,False, clean sort test, , ,None
127,https://api.github.com/repos/jhy/jsoup/commits/d45098eb5657e83880476fd1f7ff257f0ba6b59c,False, add initial nullability annotation 1467 using jsr 305 intellij kotlin checker compatible annotate nullability includes initial annotation returnsnonnull jsoup.class time goal add package explicitly specify nullable return params field, , ,None
128,https://api.github.com/repos/jhy/jsoup/commits/e8ae03d25c0bd50d433fbf493834484b068e5479,False, corrected issue link, , ,None
129,https://api.github.com/repos/jhy/jsoup/commits/4df2bcd184dcf33f145c1ab3f3a11cd789546a14,True, temp disable japicmp build see http github.com siom79 issue,https://api.github.com/repos/jhy/jsoup/issues/1,bug,None
130,https://api.github.com/repos/jhy/jsoup/commits/9edccb17aec39e0c4d1182dac88b91c634fdf456,True, enable restricted header set sec fetch mode etc fix 1461,https://api.github.com/repos/jhy/jsoup/issues/1461,bug,None
131,https://api.github.com/repos/jhy/jsoup/commits/dc33b400cea01d76905ddadc12e5125427cbc264,False, specify previous version compat test, , ,None
132,https://api.github.com/repos/jhy/jsoup/commits/02bb8a90cad36fe00cf5887a2924df658b084ff5,False, corrected whitelist safelist 1464 introduced deprecated compatibility shim tested japicmp binary source compatibility report checked binary compat test utility local testing many thanks drei01 1408 nkiesel 1423 others highlighting issue commit refines, , ,None
133,https://api.github.com/repos/jhy/jsoup/commits/a4edbe03d1eee65f19c8727b1356763523438d09,False, removing artifact retention uploads flaky first build matrix build failed 500 github uploading appear option break build upload failure need remove, , ,None
134,https://api.github.com/repos/jhy/jsoup/commits/27b656744b273eca3f43111fe20cc15aa978e52d,False, build report api compat verisons store build artifact, , ,None
135,https://api.github.com/repos/jhy/jsoup/commits/f6388656f6c1ce111bc2dd158bf5a3732bda0605,True, fixed javadoc added testcase element isblock fix 1342,https://api.github.com/repos/jhy/jsoup/issues/1342,bug,None
136,https://api.github.com/repos/jhy/jsoup/commits/6e3c98c4a578fb7910241e72a5a33014bb8e85f1,True, fix null guard start tag attribute fix 1404,https://api.github.com/repos/jhy/jsoup/issues/1404,bug,None
137,https://api.github.com/repos/jhy/jsoup/commits/2ccd3f886857d2189254aaa198c8257dacd6964c,False, githhub build fix cache write contention java version key, , ,None
138,https://api.github.com/repos/jhy/jsoup/commits/62f5035bc6b466f59231c59a7ed414db8783c0c3,False, github action tweak run pull request minimize java version cache mvn artifact, , ,None
139,https://api.github.com/repos/jhy/jsoup/commits/ee53143738f61fe9e85daf4fa5e4ebe00830caf0,False, remove standardcharset use personal reminder use mvn verify commit test make sure android sniffer run, , ,None
140,https://api.github.com/repos/jhy/jsoup/commits/28a4591949d5cb7d6c59a1dcfa5ee83048ad139a,False, remove standardcharset use android runtime target, , ,None
141,https://api.github.com/repos/jhy/jsoup/commits/c0b275361ce8409f85de3573d89f6a617f0084d5,False, reduce hit charset.forname prefer static charset, , ,None
142,https://api.github.com/repos/jhy/jsoup/commits/aa36135f58ada8c5198de0a541009357aa21db4e,False, changelog note, , ,None
143,https://api.github.com/repos/jhy/jsoup/commits/6e24d79eb0726ef97aa7e579195a650569894fe0,False, improve stringbuilder cache performance high concurrency 1402, , ,None
144,https://api.github.com/repos/jhy/jsoup/commits/6ea3c3676bc7f53636dd1db0b5e6937282473798,True, use constant standard charsets 1455 also solves thread contention constructor outputsettings fix 1454,https://api.github.com/repos/jhy/jsoup/issues/1454,fixed,None
145,https://api.github.com/repos/jhy/jsoup/commits/54a3740dc26eeecbbac4770a977431cc91162e18,False, add bin .gitignore 1439 eclipse default output folder, , ,None
146,https://api.github.com/repos/jhy/jsoup/commits/22405b7980ec56d4570c24eb1cda612d5f6775dd,False, limit reading avoid additional null character end input 1452, , ,None
147,https://api.github.com/repos/jhy/jsoup/commits/c52f8312c2838918e27865370a4a7fef1bd986ea,False, fix jetty version jetty server servlet jar must version, , ,None
148,https://api.github.com/repos/jhy/jsoup/commits/6c689fce6aae9410b01bb47c12679662ba3df5d8,False, bump jetty server 1457 bump jetty server http github.com eclipse jetty.project release note http github.com eclipse jetty.project release commits http github.com eclipse jetty.project compare jetty ... jetty signed dependabot bot support github.com authored dependabot bot 49699333 dependabot bot, , ,None
149,https://api.github.com/repos/jhy/jsoup/commits/6dba1650712043c8292e67a68bbc9493247d61e8,False, move travis github action 1459 clean move travis github workflow, , ,None
150,https://api.github.com/repos/jhy/jsoup/commits/653d5e7c832b33b793d110b0feea549a2604eb65,False, test java version linux window macos 1458 signed carl dea carl.dea gmail.com, , ,None
151,https://api.github.com/repos/jhy/jsoup/commits/89580cc3d25d0d89ac1f46b349e5cd315883dc79,False, junit dependency aggregator 1336, , ,None
152,https://api.github.com/repos/jhy/jsoup/commits/23a0e22ede7a83c7c8ea61d7877be414c2f9abf1,True, missed test annotation 1335,https://api.github.com/repos/jhy/jsoup/issues/1335, ,None
153,https://api.github.com/repos/jhy/jsoup/commits/6b103e1e9d4bfcef5a10bcb7be5c827894bd75ce,True, updated min android changenote 1335,https://api.github.com/repos/jhy/jsoup/issues/1335, ,None
154,https://api.github.com/repos/jhy/jsoup/commits/8e432a5f5fde4694834ce23c5ac1503ce8d381bc,False, java8 junit5 1335 migration java8 test ported junit surefire plugin added assertion rule ported junit junit dependency removed multilocale annotation renamed changed include multi locale test need single annotation, , ,None
155,https://api.github.com/repos/jhy/jsoup/commits/8c50f6f6a76964a0f16e4e3aea127321903c079a,False, minor parse speed improvement, , ,None
156,https://api.github.com/repos/jhy/jsoup/commits/8ddcef3c420f64689ae486237291daf975940973,False, test improvement assertion updated unused exception declaration removed, , ,None
157,https://api.github.com/repos/jhy/jsoup/commits/140b48a58568c9614ad91773598b56891bb70bac,False, help maven compile incrementally, , ,None
158,https://api.github.com/repos/jhy/jsoup/commits/89d9677ff905e2b19cc70f8875f64a340e0f5aae,False, updated intro para, , ,None
159,https://api.github.com/repos/jhy/jsoup/commits/34715b3858bcdbae76d0bb31921ef6a806632a86,False, added support loading gzipped html file mostly compress test html file repo github stop reporting jsoup html project, , ,None
160,https://api.github.com/repos/jhy/jsoup/commits/5136929fea4c786ddccc040da84905a3546e92ba,True, testcase show 1292 work,https://api.github.com/repos/jhy/jsoup/issues/1292,not-a-bug,None
161,https://api.github.com/repos/jhy/jsoup/commits/e807847d7c56c2014df8a3945d94585cccc13ddd,False, release date, , ,None
162,https://api.github.com/repos/jhy/jsoup/commits/1330299a3d763b05f1a29296328c1105a1f791c9,False, maven release plugin prepare next development iteration, , ,None
163,https://api.github.com/repos/jhy/jsoup/commits/dcf3c8ba5a0963260999f463ee80b6a787928bb9,False, maven release plugin prepare release jsoup 1.13.1, , ,None
164,https://api.github.com/repos/jhy/jsoup/commits/fb9aa17b42dc62a087634788b93d9cba9d91d203,True, change 1327,https://api.github.com/repos/jhy/jsoup/issues/1327, ,None
165,https://api.github.com/repos/jhy/jsoup/commits/9675a92b41593244d6d3ecd99425aeb19e2a6219,False, preserve whitespace node head, , ,None
166,https://api.github.com/repos/jhy/jsoup/commits/328f2e4ea8edb4c993051ba6834f12cde513657e,False, use canned array search save, , ,None
167,https://api.github.com/repos/jhy/jsoup/commits/51278145ef4f55e7b45276ac071332a53e6b19a6,False, save little time verification fired date, , ,None
168,https://api.github.com/repos/jhy/jsoup/commits/ebd2a773d67e8d1d042607fd2458f92e18b9203b,False, copy string char buf available, , ,None
169,https://api.github.com/repos/jhy/jsoup/commits/696461b3288ad792ae41d057693a07b7e01d0635,False, perf catch comment one hit always string buffer appending also remove formatter file would create lot garbage, , ,None
170,https://api.github.com/repos/jhy/jsoup/commits/1f5ffb85c35e0fd42fcefc1eb562e36d809a3d15,False, pulled inbody start end sequence bit easier read measure see perf change good, , ,None
171,https://api.github.com/repos/jhy/jsoup/commits/c693d6e42a06c09fca13dab8bd2c8d465481badb,False, use switch start end tag, , ,None
172,https://api.github.com/repos/jhy/jsoup/commits/9d9e53c8f5ab7d5dfa689ff39ee9e5dc5f7a881e,False, fixed performance regression 1.12 building useless stringbuilders every token read, , ,None
173,https://api.github.com/repos/jhy/jsoup/commits/a657ae0240b875a703a1e4909d56ad59997d362d,False, added form comment textnodes datanodes, , ,None
174,https://api.github.com/repos/jhy/jsoup/commits/d9dfc4a6f2769a7211113b54427b5fd8966f418a,False, moved longer running test test allow longer runtime slower cpu, , ,None
175,https://api.github.com/repos/jhy/jsoup/commits/19be649e596b3066ed0d98d009cdd5b73d14c08d,False, extra test mark invalid issue, , ,None
176,https://api.github.com/repos/jhy/jsoup/commits/50fae5bf22955a0b34f512cac9bf77c71257c889,True, test 1170 text node content repro,https://api.github.com/repos/jhy/jsoup/issues/1170,no-repro,None
177,https://api.github.com/repos/jhy/jsoup/commits/5d864bd94f7c301364878e54b72cfe402e46e925,True, issue link fix 1326,https://api.github.com/repos/jhy/jsoup/issues/1326,improvement,None
178,https://api.github.com/repos/jhy/jsoup/commits/bd64b0192c7d3485665afdc10805b587df19eab3,False, added element closest evaluator enabled select selectfirst, , ,None
179,https://api.github.com/repos/jhy/jsoup/commits/7a405918f4fdf71ebc2a8b07ce3f6fb09f987c0a,False, minor increase cache hit rate including length hash function tried various change including 2048 cache size replacing conflict larger give hit rate improvement commensurate extra size replacing conflict led significant drop hit rate, , ,None
180,https://api.github.com/repos/jhy/jsoup/commits/265653e3f2e04321fa327a5a32241de70cdbe234,False, use url instead email, , ,None
181,https://api.github.com/repos/jhy/jsoup/commits/f54857ed7a0423a0d5482b33308bc3d1a65bb97e,False, sampling found avg num attribute 1.49 save allocation, , ,None
182,https://api.github.com/repos/jhy/jsoup/commits/75815e2d6b743bbdffede8e46d80da5c9684385c,False, use tag normalname element tagname comparison, , ,None
183,https://api.github.com/repos/jhy/jsoup/commits/532360506bdc20ed6ae71d4ca16effd078a18266,False, script style must datanodes case sensitive parsing, , ,None
184,https://api.github.com/repos/jhy/jsoup/commits/c5c5a735d3d3f643ee614e9f9f93a0978970cf20,True, close clear character reader save bunch retained memory document transitively every element 1321,https://api.github.com/repos/jhy/jsoup/issues/1321,improvement,None
185,https://api.github.com/repos/jhy/jsoup/commits/f4338e20a5e439632e3d2fc8fa3a330ade6d02ad,False, indent preserve upper cased tag correctly, , ,None
186,https://api.github.com/repos/jhy/jsoup/commits/006c6cc5cb279245b57a4327327ecded17a77849,False, indent sanity test, , ,None
187,https://api.github.com/repos/jhy/jsoup/commits/6e8241ab59152f1e87a9276654c67534124793c7,False, normalize form attribute, , ,None
188,https://api.github.com/repos/jhy/jsoup/commits/1d9f465895af9141e361b276322fc0bdb323b566,False, apply attribute normalization void tag, , ,None
189,https://api.github.com/repos/jhy/jsoup/commits/62c0595813b817ec593b0941ca4c3f29d10fac55,True, preserve mark buffering rewind required fix 1324,https://api.github.com/repos/jhy/jsoup/issues/1324,bug,None
190,https://api.github.com/repos/jhy/jsoup/commits/528ba552b19ab2ae949feecb373ef85a0b126566,False, updated attribute, , ,None
191,https://api.github.com/repos/jhy/jsoup/commits/979d5dd744b7cd30319965743b8a62269ba7845b,True, introduced internal attribute moved baseuri set field every element regardless differing value 1321,https://api.github.com/repos/jhy/jsoup/issues/1321,improvement,None
192,https://api.github.com/repos/jhy/jsoup/commits/6f2fd07c9a0035e796e7b549598f13563a1a7d7d,False, renamed haskey clarity checking value specified key scanning attribute value, , ,None
193,https://api.github.com/repos/jhy/jsoup/commits/fb79deab9ddac9ac494ab444ba0086b935c10e6e,False, ensure attribute nulled clear, , ,None
194,https://api.github.com/repos/jhy/jsoup/commits/f93f2fe951a73a386cac980ad917a675ee557f67,False, speed tweak hot method, , ,None
195,https://api.github.com/repos/jhy/jsoup/commits/2080cbb75a2746123eb89db2bd9f923e7c109e15,False, added attribute hasvalue attribute hasvalue key, , ,None
196,https://api.github.com/repos/jhy/jsoup/commits/1c51c84e68f0d76ee239a4a1ab52a487a4e2e764,False, fix jdoc warning, , ,None
197,https://api.github.com/repos/jhy/jsoup/commits/52bbe52a0cc943708bb25f0a4c56421cfda2e1ae,False, update test varying xhtml impl format, , ,None
198,https://api.github.com/repos/jhy/jsoup/commits/0a4bd07adf2f483207c0c0820f020a2361d841c3,False, create attribute object required save memory garbage, , ,None
199,https://api.github.com/repos/jhy/jsoup/commits/08fa0064c33d0a076b425f53c550ee83e57d5c65,False, assert harder, , ,None
200,https://api.github.com/repos/jhy/jsoup/commits/fbc7e76a2ac966a19b12c73147d3c6c8ab0eb61d,True, auto close optgroup select fix 1313,https://api.github.com/repos/jhy/jsoup/issues/1313,bug,None
201,https://api.github.com/repos/jhy/jsoup/commits/a82d6b6ae8cb33cc7ccc78c7a805886a06b1dcd2,False, push inline comment newline, , ,None
202,https://api.github.com/repos/jhy/jsoup/commits/50df99d6acacb32da25beb39ab4683edf5a48908,False, added test, , ,None
203,https://api.github.com/repos/jhy/jsoup/commits/91fcf208945f458b176c2b6915b53bad095cf527,False, test application xml, , ,None
204,https://api.github.com/repos/jhy/jsoup/commits/a7b0c2df028f49fa246c7b6a51b6b83011655865,False, removed old deprecated class method, , ,None
205,https://api.github.com/repos/jhy/jsoup/commits/437c727f6c33272c7a971aa75cbfd38d666fc229,False, prep 1.13.1 development, , ,None
206,https://api.github.com/repos/jhy/jsoup/commits/6ef89226deae4683ccc0f2367db048278e94d5b0,False, maven release plugin prepare release jsoup 1.12.2, , ,None
207,https://api.github.com/repos/jhy/jsoup/commits/e81c35f9ffa3eb56a7cdff92ff2e5d44f5e7ac51,False, fix file ending unsure flipped crlf .gitattributes making everything, , ,None
208,https://api.github.com/repos/jhy/jsoup/commits/d06d8f423439290032dbbb8211c58220fa13e7bd,False, avoid unnecessary null check element indexinlist never return null, , ,None
209,https://api.github.com/repos/jhy/jsoup/commits/f91e1e8dac668024c693a2ecd238b1c6b7219c30,False, avoid unnecessary boxing char tokenqueue chompbalanced, , ,None
210,https://api.github.com/repos/jhy/jsoup/commits/a0711e57666055161a9eab9346e16e9ce2e0d547,False, use string replace instead string replaceall possible string replace doe use regular expression replacement java therefore faster, , ,None
211,https://api.github.com/repos/jhy/jsoup/commits/0bec593106b90897b8b7b8f3ac82603ca56a0b6c,False, readme url update, , ,None
212,https://api.github.com/repos/jhy/jsoup/commits/e02085409f0bdd7e71441fc62448192720305444,True, w3cdom handle doctypes force xml output fix 1183 update 1098,https://api.github.com/repos/jhy/jsoup/issues/1098,bug,None
213,https://api.github.com/repos/jhy/jsoup/commits/fb50d9635874185fc050735057b8a7363cd53f3f,True, deepclone attribute leafnodes set fix 1176,https://api.github.com/repos/jhy/jsoup/issues/1176,bug,None
214,https://api.github.com/repos/jhy/jsoup/commits/3bd77f862826a9b3b1bd4c33a66af51cb467eea8,False, want, , ,None
215,https://api.github.com/repos/jhy/jsoup/commits/6b2bf55e43ce17efb8d8ac15d5417d78c3eaad16,True, added test validate 1243 repro,https://api.github.com/repos/jhy/jsoup/issues/1243,no-repro,None
216,https://api.github.com/repos/jhy/jsoup/commits/2ea6f9a8fc51b3a52754517523699b255beb5832,False, test cleanup, , ,None
217,https://api.github.com/repos/jhy/jsoup/commits/4e052740436ce42efa1bf4cb49204f90e4796fd7,False, updata jetty servlet current used integ test distributed jar update test jetty write past content length size might add test around, , ,None
218,https://api.github.com/repos/jhy/jsoup/commits/1a84ce3b0e3df1018088c59b7c4484df181a2fdb,False, normalize xml string comparison, , ,None
219,https://api.github.com/repos/jhy/jsoup/commits/052dc1b1cac3dd4bfded785ce8c9dadc8b95f18c,True, added test verify 1096 already work default output dom namespace aware xpath query must well,https://api.github.com/repos/jhy/jsoup/issues/1096, ,None
220,https://api.github.com/repos/jhy/jsoup/commits/fe92494c7716eeb04d5d4040cc43d67b8f2f4aaf,True, w3cdom asstring emit xml fix 1098,https://api.github.com/repos/jhy/jsoup/issues/1098,bug,None
221,https://api.github.com/repos/jhy/jsoup/commits/d36f91a47fc5e4ae8a8b172d6822e5019abf356c,True, test verify 1208,https://api.github.com/repos/jhy/jsoup/issues/1208,duplicate,None
222,https://api.github.com/repos/jhy/jsoup/commits/9297a22afcf1396c54539e0f225d048f794783ab,False, safeclose get inputstreams closed first error, , ,None
223,https://api.github.com/repos/jhy/jsoup/commits/c198334e12c68dd547fd4c63f892b14529f5fed6,False, merge branch master http github.com jhy jsoup, , ,None
224,https://api.github.com/repos/jhy/jsoup/commits/894d3ec9c71a324c007a4790604e6ca44e1d83c7,False, merge branch 1291, , ,None
225,https://api.github.com/repos/jhy/jsoup/commits/4e0974876e256d7822769b246900eb726508ca55,False, renamed childrensize consistency, , ,None
226,https://api.github.com/repos/jhy/jsoup/commits/88e045eb50b304ecfb909eb9088c98bb46fe7806,False, build current java version 1254 openjdk build added amazon corrretto build fixed look latest minor version specified major version, , ,None
227,https://api.github.com/repos/jhy/jsoup/commits/2d431412fc5a2fea8d7d4490c487e2012474011e,True, test verify zwnj fix farsi 1227,https://api.github.com/repos/jhy/jsoup/issues/1227,bug,None
228,https://api.github.com/repos/jhy/jsoup/commits/5359490c56501b231d0d1d19e7eed4ffb37425d7,True, removed binary input detection attempt fix 1250,https://api.github.com/repos/jhy/jsoup/issues/1250,bug,None
229,https://api.github.com/repos/jhy/jsoup/commits/128008e29c33cf6b3b20fde8f2bbd13ead98509c,True, fix normalization orhpans fix 1309,https://api.github.com/repos/jhy/jsoup/issues/1309,bug,None
230,https://api.github.com/repos/jhy/jsoup/commits/97758e74cbd39552f711480a4d1e4e5fe058efea,True, test 851,https://api.github.com/repos/jhy/jsoup/issues/851,bug,None
231,https://api.github.com/repos/jhy/jsoup/commits/279fbe120c5bd4221478481b78d31ddf41475360,False, cleaned tag tweaked output inline text tag, , ,None
232,https://api.github.com/repos/jhy/jsoup/commits/3a9bf46eeb36196d841c3fa05597e40a13f51f43,False, add line break pretty printing inline tag fix issue 1305, , ,None
233,https://api.github.com/repos/jhy/jsoup/commits/b891b6f54f7c53b0ca4510093251f0c1a81b02e6,False, removed todo implemented, , ,None
234,https://api.github.com/repos/jhy/jsoup/commits/a7d704f2713cafb49356ed592a71772dde1f90e2,False, 2020 date, , ,None
235,https://api.github.com/repos/jhy/jsoup/commits/ef400e71e9d85b8bab30b28552bf1c339024d79f,False, moved test, , ,None
236,https://api.github.com/repos/jhy/jsoup/commits/a8d431bad9575d5f32d7b87252962a8aae02d59f,True, fix 1220 self closing textarea,https://api.github.com/repos/jhy/jsoup/issues/1220,improvement,None
237,https://api.github.com/repos/jhy/jsoup/commits/cfd1362861093f5836513fb1a7a9670f9c5c1de6,False, extra test, , ,None
238,https://api.github.com/repos/jhy/jsoup/commits/5a570cf31e078c9b3865f93a37fbbde68c9799df,True, much faster perf bulk inserting complete node list anothe node fix 1281,https://api.github.com/repos/jhy/jsoup/issues/1281,improvement,None
239,https://api.github.com/repos/jhy/jsoup/commits/f5fc1bb04c224865f8eee5ed718f4ffee0e18712,True, throw exception selector end space trim fix 1274,https://api.github.com/repos/jhy/jsoup/issues/1274,bug,None
240,https://api.github.com/repos/jhy/jsoup/commits/de1ced99d4dae991a546534454d5f7d9dc26f0b1,False, change typo, , ,None
241,https://api.github.com/repos/jhy/jsoup/commits/f2ff26b63c74c379c52da1f9c58bf328598fd2ba,True, fix case sensitivity tag.endswith namespaced element fix 1257,https://api.github.com/repos/jhy/jsoup/issues/1257,bug,None
242,https://api.github.com/repos/jhy/jsoup/commits/eb7b0d785d3229a87e11a18e171d011cfe664f1e,False, change typo, , ,None
243,https://api.github.com/repos/jhy/jsoup/commits/91ca25b341bc5ad1c364b8e7389287c45ca9df2c,False, normalize away zwj zwnj fix 1269 combined emojis broken, , ,None
244,https://api.github.com/repos/jhy/jsoup/commits/a4210b7a958aa2eaff2b78881f5a1e16f8265dc8,True, also add fix end space fix 1279,https://api.github.com/repos/jhy/jsoup/issues/1279,bug,None
245,https://api.github.com/repos/jhy/jsoup/commits/8371a171fcc3314a343223d83bcab7fa2c40c0c7,True, fix bug 1279,https://api.github.com/repos/jhy/jsoup/issues/1279,bug,None
246,https://api.github.com/repos/jhy/jsoup/commits/9b674f82b984c65a17b2e127d5d0beac130fe1ce,True, change 1253,https://api.github.com/repos/jhy/jsoup/issues/1253, ,None
247,https://api.github.com/repos/jhy/jsoup/commits/c2b1fe73129e9c23d93e5393ce8007995c1630dc,True, report correct error position malformed construct merges 1253 fix 1251 authored csaboka rewrote test file fix diff,https://api.github.com/repos/jhy/jsoup/issues/1251,bug,None
248,https://api.github.com/repos/jhy/jsoup/commits/de97030ff54ee0bd306cbc58bd8093645cc8a5dc,False, fix edge case delimiters near buffer boundary, , ,None
249,https://api.github.com/repos/jhy/jsoup/commits/86d69ea625edc3650b50b8f13364c58a173fb9bf,False, update default max body 2mb update default, , ,None
250,https://api.github.com/repos/jhy/jsoup/commits/9fdda9932e6420bb6a2b780107f39a6fa69fef99,False, update travis jdk build, , ,None
251,https://api.github.com/repos/jhy/jsoup/commits/a0b87bf10a9a520b49748c619c868caed8d7a109,True, ensure enough data buffered survive mark reset fix 1218,https://api.github.com/repos/jhy/jsoup/issues/1218,bug,None
252,https://api.github.com/repos/jhy/jsoup/commits/468c5369b52ca45de3c7e54a3d2ddae352495851,False, added new method childrencount complementary child int, , ,None
253,https://api.github.com/repos/jhy/jsoup/commits/8d1d503913a68e549b5c4a94717c62cf3f64507a,False, removed external url testsuite want external dependency build, , ,None
254,https://api.github.com/repos/jhy/jsoup/commits/fb588770a45a9ab6b64fce0f800d50ec225a42ee,True, reorder conn.disconnect support keepalives bodystream read fix 1232,https://api.github.com/repos/jhy/jsoup/issues/1232,improvement,None
255,https://api.github.com/repos/jhy/jsoup/commits/b61a3e6b340b878b30c518e35c6066f559b5102e,True, fix travis jdk issue 1236 fix 1235,https://api.github.com/repos/jhy/jsoup/issues/1235, ,None
256,https://api.github.com/repos/jhy/jsoup/commits/a9439f0c503ac8e0f009a0ec39f8bff1a6271d51,True, submit button value fix 1231,https://api.github.com/repos/jhy/jsoup/issues/1231,bug,None
257,https://api.github.com/repos/jhy/jsoup/commits/e9e613706443fd1cd3458d1e5116c0498afd8b09,True, testcase 1234 fix 1234,https://api.github.com/repos/jhy/jsoup/issues/1234,duplicate,None
258,https://api.github.com/repos/jhy/jsoup/commits/0fc3d6728ae270fb38f9778ad7fa2663060b50c7,True, duplicate attribute retain first last instance fix 1219,https://api.github.com/repos/jhy/jsoup/issues/1219,bug,None
259,https://api.github.com/repos/jhy/jsoup/commits/27a445b029b02bced263a0686f40a4f373827953,False, get location path info, , ,None
260,https://api.github.com/repos/jhy/jsoup/commits/92392a674e3905c85f960696d99fe1f3e0c19413,False, recompile regex hit, , ,None
261,https://api.github.com/repos/jhy/jsoup/commits/333fcc3f8df3ce8300730a08c012a1d0e1cf6b5c,False, travis fixup, , ,None
262,https://api.github.com/repos/jhy/jsoup/commits/e42ca3b8e00d611b5d3c0bb15ddff7163dd0f36a,False, move integ test maven failsafe, , ,None
263,https://api.github.com/repos/jhy/jsoup/commits/a4b5e826f2440b19ee2a98fdece7211433cfdaed,False, code improvement 1216 code simplified code improvement string concatenation avoided size check replaced isempty initialization fixed missing override added, , ,None
264,https://api.github.com/repos/jhy/jsoup/commits/8e3eeb5f41a21b57c407b24b4e9c5ee036847f1b,False, jdk11 jdk12 javadoc generation fix 1217 javadoc generation fixed jdk11 jdk12 jdk 8212233 maven javadoc plugin updated doclint option changed new one since v3.0.0, , ,None
265,https://api.github.com/repos/jhy/jsoup/commits/a47a7e45dd22d293e4b1f4fd7fdf8b2d83e539be,False, allocate entity static section save 16k .jar identified via findbugs, , ,None
266,https://api.github.com/repos/jhy/jsoup/commits/9e36f9e26cb8342ea54ad1379d6b1bfee718e90e,False, cleanup sanity assertion, , ,None
267,https://api.github.com/repos/jhy/jsoup/commits/1e576bbb7bb896b8f2ee7f3c20224d678fb21acf,True, added remaining typed element chaining method fix 1193,https://api.github.com/repos/jhy/jsoup/issues/1193,improvement,None
268,https://api.github.com/repos/jhy/jsoup/commits/a63ed9938a441c0496e7789b09e59d298370d9ae,False, limit style syntax table, , ,None
269,https://api.github.com/repos/jhy/jsoup/commits/e4417540b2d24ee5218dbbf14df1f0f63002db02,True, changelog 1214 styling make selector syntax easier read,https://api.github.com/repos/jhy/jsoup/issues/1214,improvement,None
270,https://api.github.com/repos/jhy/jsoup/commits/0fe6d51fd8b026e6a860376b228533da66654fb4,False, fix selector set root allowing relative selector, , ,None
271,https://api.github.com/repos/jhy/jsoup/commits/525d7c19ec44e5b4e462946f68746d6df74eb393,False, splelling, , ,None
272,https://api.github.com/repos/jhy/jsoup/commits/fd46489cd718ddea7b28f89953265e7ce4ec8372,False, moved url test local servlet, , ,None
273,https://api.github.com/repos/jhy/jsoup/commits/d65510c8ed0f10561372838b1c15b9d8af658d8b,False, jdk build added, , ,None
274,https://api.github.com/repos/jhy/jsoup/commits/7bd5cf5b1caf75db802121fc2e82507a7f3f5a10,False, rollback xpkginfo always openjdk throwing npe look like bug 2013 never got fixed one package info.java documentation http travis ci.org jhy jsoup job 533146999 http browse jdk 8022161, , ,None
275,https://api.github.com/repos/jhy/jsoup/commits/7755a419b2db2f49132ad4ae83fc96bb9853c7d4,False, recompile every build maven always recompile entire project package info.java documentation file default generate .class timestamp comparison http jira browse mcompiler 205, , ,None
276,https://api.github.com/repos/jhy/jsoup/commits/e499559601270be462bbcc665014dc061032134f,False, maven compiler plugin 3.8.0, , ,None
277,https://api.github.com/repos/jhy/jsoup/commits/ff979f461572acfc32c0c70b091cc3a24529296a,False, test chompbalanced throw unbalanced input, , ,None
278,https://api.github.com/repos/jhy/jsoup/commits/a3649e6b1cb55c7cbb47870a802bbc6419b74f45,False, fix inconsistent javadoc string regex specify match text making doc bit confusing skimming, , ,None
279,https://api.github.com/repos/jhy/jsoup/commits/7400feca7aa07d834cdaae87175a3ca687da250b,False, fix typo selector.java hasve, , ,None
280,https://api.github.com/repos/jhy/jsoup/commits/620287bf786001cb88eb2c87086b6d40ffecd5ae,False, updated jetty server test dependency, , ,None
281,https://api.github.com/repos/jhy/jsoup/commits/a87b1c6d762e3714bd88540e2df9e232f6f12200,False, changelog prep, , ,None
282,https://api.github.com/repos/jhy/jsoup/commits/fb45283bbd19e2a82f35639ebffdfabd43d1aad6,False, maven release plugin prepare next development iteration, , ,None
283,https://api.github.com/repos/jhy/jsoup/commits/3f0256953a2938875dba33e58004037989985f7d,False, maven release plugin prepare release jsoup 1.12.1, , ,None
284,https://api.github.com/repos/jhy/jsoup/commits/b87c013947d59cca92e853a02f2d2d6ae41ef586,False, test binary byte fetch, , ,None
285,https://api.github.com/repos/jhy/jsoup/commits/247c5d05f4529e55aa1fdbd333f99e323809b5e0,True, input file url binary throw exception prevents useless processing apparent hang fix 1192,https://api.github.com/repos/jhy/jsoup/issues/1192,improvement,None
286,https://api.github.com/repos/jhy/jsoup/commits/7de614ffd01161d8718d7458bab9d9690ad2334f,True, validate string length fix 1172,https://api.github.com/repos/jhy/jsoup/issues/1172,fixed,None
287,https://api.github.com/repos/jhy/jsoup/commits/315655cc11c9d49bb821dd800d45580696b02185,True, changelog 1201 fix 1201,https://api.github.com/repos/jhy/jsoup/issues/1201,fixed,None
288,https://api.github.com/repos/jhy/jsoup/commits/eaf876dc4a149e674f1c871894ffb4ec188f2d62,False, clone attribute shallowclone, , ,None
289,https://api.github.com/repos/jhy/jsoup/commits/82e2c44234ca5a33b5f6a688949e0247af4dbfe4,True, test 1205,https://api.github.com/repos/jhy/jsoup/issues/1205,fixed,None
290,https://api.github.com/repos/jhy/jsoup/commits/7842f8879e576acb6e14d8692f9f7babc7d6fb53,False, update jetty version, , ,None
291,https://api.github.com/repos/jhy/jsoup/commits/5f5c64b2b2ca734b83b58656152091c9532b9fdb,False, cleanup, , ,None
292,https://api.github.com/repos/jhy/jsoup/commits/68ff8cbe7ad847059737a09c567a501a7f1d251f,False, changelog visibility auto multipater, , ,None
293,https://api.github.com/repos/jhy/jsoup/commits/56ea479e22fdcb360696c5a922d6b45d9445e06d,False, allow multipart form submission setting header automatically add boundary, , ,None
294,https://api.github.com/repos/jhy/jsoup/commits/18cd16d2a1418a8e9b684b35e00e59a5ccaf90a7,False, fix end line normalization always want text, , ,None
295,https://api.github.com/repos/jhy/jsoup/commits/7c60ac132afc0034da18bfe969e18046994f9427,False, merge branch 1113, , ,None
296,https://api.github.com/repos/jhy/jsoup/commits/b09e4b7486d8e63b098ff26003b76ed6038f2fb0,False, add test case space center tag, , ,None
297,https://api.github.com/repos/jhy/jsoup/commits/1d663eeb1c0d1c08bcfe5d30f05170768bb0438e,True, npe setvalue orphan attribute fix 1107,https://api.github.com/repos/jhy/jsoup/issues/1107,bug,None
298,https://api.github.com/repos/jhy/jsoup/commits/8b837a43cbe2c12624ab2088dc4ff9a725af5f4d,True, return null attribute value empty string previous defined behaviour fix 1065,https://api.github.com/repos/jhy/jsoup/issues/1065,bug,None
299,https://api.github.com/repos/jhy/jsoup/commits/8adcd55d8abe4c84ae2dcffb9a882abc4143bb93,False, chagelog tweak, , ,None
300,https://api.github.com/repos/jhy/jsoup/commits/9934dfc6f514881940256bd1605f86fcdb245cf2,False, add build status readme, , ,None
301,https://api.github.com/repos/jhy/jsoup/commits/1be6e5c1cc868e5cfbd5937db4e926717fe5904c,True, changelog 1154,https://api.github.com/repos/jhy/jsoup/issues/1154,bug,None
302,https://api.github.com/repos/jhy/jsoup/commits/2da07a110b04c7d181c04c0fbcfb141035255374,False, merge branch master 1154, , ,None
303,https://api.github.com/repos/jhy/jsoup/commits/54a8d301bb486fcc87887d2961da0e82b55dd54e,False, full bufferup marking reader make sure enough buffer rewind, , ,None
304,https://api.github.com/repos/jhy/jsoup/commits/952b0e85cc70fedf7c11d75d1c262b73e51b6a5b,False, typo, , ,None
305,https://api.github.com/repos/jhy/jsoup/commits/895367092ec5567f97a7cd1ba2ce616507cc0978,False, optimize toarray via change length directly 1158, , ,None
306,https://api.github.com/repos/jhy/jsoup/commits/3ffb622c48c01875448701075637c1f1c0a0b586,False, oracle jdk10 jdk11 build added travis 1124 oracle jdk10 build added oracle jdk build added oracle deprecated jdk10 openjdk10 used instead, , ,None
307,https://api.github.com/repos/jhy/jsoup/commits/7ff7c43e9fbf4bbaf2b4517b3d4f8a429d87d3bb,True, use normalized element name tree searching fix 1149,https://api.github.com/repos/jhy/jsoup/issues/1149,bug,None
308,https://api.github.com/repos/jhy/jsoup/commits/38c13b5ae97c294afb859c49ded903beb7b9b100,True, correct check element child fix 1139,https://api.github.com/repos/jhy/jsoup/issues/1139,fixed,None
309,https://api.github.com/repos/jhy/jsoup/commits/973234bc842b0de2febea195f7819236b57fd992,False, added parsertest trying validate 1152 repro, , ,None
310,https://api.github.com/repos/jhy/jsoup/commits/25ba713e1d1a97ebfee38c0df3e7e6d4d9615f97,True, validate new attribute name correctly fix 1159,https://api.github.com/repos/jhy/jsoup/issues/1159,fixed,None
311,https://api.github.com/repos/jhy/jsoup/commits/49c4a148b7817ed424e8cf823ae601863fec31ce,False, url cleanup, , ,None
312,https://api.github.com/repos/jhy/jsoup/commits/54e87300275b587cd2033ab6493526cbb2caf3e9,False, adding unit test demonstrating character reader buffer issue characterreader fill buffer middle reading parameter underscore param_two loses mark filling drop everything underscore parameter, , ,None
313,https://api.github.com/repos/jhy/jsoup/commits/cecdb3250c9d3f6cd3e5aed2743afa360e0d8531,False, updated jetty server used integration test latest 9.2 series, , ,None
314,https://api.github.com/repos/jhy/jsoup/commits/db7bc390ea92cb6b60c75d648400fd886b2b4672,False, add center tag list block element, , ,None
315,https://api.github.com/repos/jhy/jsoup/commits/220b77140bce70dcf9c767f8f04758b09097db14,False, previous element returned reverse order, , ,None
316,https://api.github.com/repos/jhy/jsoup/commits/26adfcbcb07bca87f0d50084aaca7549c97abb0c,False, merge branch 1054, , ,None
317,https://api.github.com/repos/jhy/jsoup/commits/426ffe7870b937ef9cfa25ebe20e7a478493da99,False, simplified nextelements impl added changelog, , ,None
318,https://api.github.com/repos/jhy/jsoup/commits/1933e9727c694863d6b7a9bb98682b560510d212,True, make httpconnection constructor public task fix 1052,https://api.github.com/repos/jhy/jsoup/issues/1052,improvement,None
319,https://api.github.com/repos/jhy/jsoup/commits/4d104721d96baaa6a6c28d2b472a37f631227f46,False, simplify code bit, , ,None
320,https://api.github.com/repos/jhy/jsoup/commits/ae7d21635654f1e93e4b732983d633af46f53b73,False, merge branch master http github.com jhy jsoup, , ,None
321,https://api.github.com/repos/jhy/jsoup/commits/e26267dd77b437f9e3ea155ae7a52013fde6c2f5,False, remove longer relevant comment set .gitattributes, , ,None
322,https://api.github.com/repos/jhy/jsoup/commits/105f7bdcdbfffc879d0737cf857c02b6823b1b73,False, moved stringutil internal package, , ,None
323,https://api.github.com/repos/jhy/jsoup/commits/c8c05694da5489221c27e45a5e49d0f5fcb41863,False, use stack stringbuilder flyweight thread use one time, , ,None
324,https://api.github.com/repos/jhy/jsoup/commits/16491229eeee7cea72d35ff0de6ed7302fd088de,False, perf tweak start tag data, , ,None
325,https://api.github.com/repos/jhy/jsoup/commits/ae99d7ebaa7ce4e8446150ce4ccbad4646433f8f,False, table parse performance tweak, , ,None
326,https://api.github.com/repos/jhy/jsoup/commits/eec4cf3503d226272642c7507686e96870307dfb,False, call .disconnect close android okhttp impl clean pool, , ,None
327,https://api.github.com/repos/jhy/jsoup/commits/59f10777132745ec84eefad77dcabd2109947e97,False, element element return empty list, , ,None
328,https://api.github.com/repos/jhy/jsoup/commits/20ec85e678bb20d5988491d50789811ed1ee9eca,False, add method get element sibling current element, , ,None
329,https://api.github.com/repos/jhy/jsoup/commits/a810d2e3615da9a37ad74a7db2ca8bc6945ab9a8,True, blow namespace undefined fix 848,https://api.github.com/repos/jhy/jsoup/issues/848,bug,None
330,https://api.github.com/repos/jhy/jsoup/commits/bdf1df7eb3ca76cdcdaca38f7df5d941bbb1c664,True, treat start tag new tag attribute name fix 797,https://api.github.com/repos/jhy/jsoup/issues/797,improvement,None
331,https://api.github.com/repos/jhy/jsoup/commits/39e90ee38c3ce7aa254bb89740282c12eb149162,False, indentation fix, , ,None
332,https://api.github.com/repos/jhy/jsoup/commits/6be19a6fa26e6e5e3d716283bad4b5de0348a8b7,True, charset encode flip one fix 1007,https://api.github.com/repos/jhy/jsoup/issues/1007,improvement,None
333,https://api.github.com/repos/jhy/jsoup/commits/77966f79996f3fc4c7828b4d02a926c071faf040,False, redirect test, , ,None
334,https://api.github.com/repos/jhy/jsoup/commits/f1b885d238d8576d91d71a09f8658358dd846921,False, spring cleaning, , ,None
335,https://api.github.com/repos/jhy/jsoup/commits/d2fb53fd1ca0e06d877c8e9b8cd5da897c0d6618,False, para move, , ,None
336,https://api.github.com/repos/jhy/jsoup/commits/e38dfd44829e13ee83fd62bfe937580f5a998c11,True, detect charset pseudo xml declaration html parser mode fix 1009,https://api.github.com/repos/jhy/jsoup/issues/1009,improvement,None
337,https://api.github.com/repos/jhy/jsoup/commits/850a9cc02fb72cc450d1a9dc41912fa80fee9020,True, maintain parser used parsing document allows appropriate fragment parsing xml html remembers case sensitivity choice fix 769,https://api.github.com/repos/jhy/jsoup/issues/769,bug,None
338,https://api.github.com/repos/jhy/jsoup/commits/bf6667c439a1fa29ea50d531b65633ffe150d16b,False, removed deprecated method, , ,None
339,https://api.github.com/repos/jhy/jsoup/commits/fa38b8a95414984c1ded0a3672adae95b51c1ab3,False, release date, , ,None
340,https://api.github.com/repos/jhy/jsoup/commits/176c173b24bf890460fe8ecb08ddf60d4fc2e195,False, maven release plugin prepare next development iteration, , ,None
341,https://api.github.com/repos/jhy/jsoup/commits/2b1ea0633ff5d4cba5db0e202a4ce0fbdccc19db,False, maven release plugin prepare release jsoup 1.11.3, , ,None
342,https://api.github.com/repos/jhy/jsoup/commits/04f0ab3bf48a4ea1247fa9619b34cac6f6049a6a,False, merge branch 1038, , ,None
343,https://api.github.com/repos/jhy/jsoup/commits/834c81bb55d7ccdc0d7b158595ad7aa92db6ed8b,True, change log 1038,https://api.github.com/repos/jhy/jsoup/issues/1038, ,None
344,https://api.github.com/repos/jhy/jsoup/commits/18ef323541f6c369824e0c726b2be55880ec36da,False, merge branch 1046, , ,None
345,https://api.github.com/repos/jhy/jsoup/commits/f25170a35a57d8cdc63b49f74eeb1b8041516490,True, change log 1046,https://api.github.com/repos/jhy/jsoup/issues/1046, ,None
346,https://api.github.com/repos/jhy/jsoup/commits/e9feec90dbd3e428dc1930c3b5efbd9271160d01,True, check xml declaration parse fix 1015,https://api.github.com/repos/jhy/jsoup/issues/1015, ,None
347,https://api.github.com/repos/jhy/jsoup/commits/47a7f5ab2a22a2ce526f96e0cf9f2c46511c56d9,False, keep file ending, , ,None
348,https://api.github.com/repos/jhy/jsoup/commits/3c699bad0467bec4adc55666f0d02e312ab22a60,False, parse invalid unicode escape window 1252 instead fix 1034, , ,None
349,https://api.github.com/repos/jhy/jsoup/commits/0f7e0cc373aced32629f5321c9521f81d8248647,True, make sure consume utf bom start doc fix 1003,https://api.github.com/repos/jhy/jsoup/issues/1003,bug,None
350,https://api.github.com/repos/jhy/jsoup/commits/e0f9c5fbb3961ab3a5baacabbde85a2569abed65,False, merge branch master http github.com jhy jsoup, , ,None
351,https://api.github.com/repos/jhy/jsoup/commits/a4dfbcf090102e13949cc15a973a9ad2721d98d0,False, set automatic module name java fix 1019, , ,None
352,https://api.github.com/repos/jhy/jsoup/commits/f37e6481d3acf115bfe09a699b6b20b93522f944,False, allow htmltreebuilder subclass 1040 remove package private constructor allow subclass htmltreebuilder make tokentype visible outside org.jsoup package, , ,None
353,https://api.github.com/repos/jhy/jsoup/commits/197815a029b9a58566655b0ef343bb8c6a57fb2e,False, fix typo readme.md 1028 fixed small typo found reading file, , ,None
354,https://api.github.com/repos/jhy/jsoup/commits/1028b37a1dfbc5dda7b18cbe692ab168c54fb505,True, leaf node return empty list .childnodes except fix 1032,https://api.github.com/repos/jhy/jsoup/issues/1032,bug,None
355,https://api.github.com/repos/jhy/jsoup/commits/2c4e79b104c0ff32566ce247617d47c0b39cc2c7,True, datautil throw ioexception failed read parse fix 980,https://api.github.com/repos/jhy/jsoup/issues/980,bug,None
356,https://api.github.com/repos/jhy/jsoup/commits/71561e09e0f29ec5fd1bb918206f3d8e42876518,False, 2018, , ,None
357,https://api.github.com/repos/jhy/jsoup/commits/f1110a9021c2caa28cbe3177c0c3a0f5ae326eb4,False, accept custom ssl socket factory, , ,None
358,https://api.github.com/repos/jhy/jsoup/commits/03bffef1c7f6652f28214961bac16ad837064d32,False, correct change note location, , ,None
359,https://api.github.com/repos/jhy/jsoup/commits/b92b4f6b9b3256e97bfb6a0732bf113b6da53a4c,True, isempty bufferup isempty checking see content able read called directly without consume could give misleading result fix 995,https://api.github.com/repos/jhy/jsoup/issues/995,bug,None
360,https://api.github.com/repos/jhy/jsoup/commits/e5210d1f9ef4f1d41ff0a8c4a2ab8e9192d5e087,True, corrected fix 998,https://api.github.com/repos/jhy/jsoup/issues/998,bug,None
361,https://api.github.com/repos/jhy/jsoup/commits/11e018fe623758986910069a6285b614dd98cc98,True, verify form data mix form uploads test 983,https://api.github.com/repos/jhy/jsoup/issues/983,needs-more-info,None
362,https://api.github.com/repos/jhy/jsoup/commits/df272b77c2cf89e9cbe2512bbddf8a3bc28a704b,True, xml parse mode set lowercase normalize closing tag fix 998,https://api.github.com/repos/jhy/jsoup/issues/998,bug,None
363,https://api.github.com/repos/jhy/jsoup/commits/bf4f99c72ba3d59486e0decb59a2b87edee4f1ff,True, prep 988 merge,https://api.github.com/repos/jhy/jsoup/issues/988,improvement,None
364,https://api.github.com/repos/jhy/jsoup/commits/3676b132429306c722304e94177172dca42c2dda,False, merge branch master 988, , ,None
365,https://api.github.com/repos/jhy/jsoup/commits/45c54996c4e8d74cf84304e767934ff584c24702,True, make sure mark limit buffer size prevent mark invalidated bumping two different buffer size android created buffer larger underling okio buffer android using fix 990,https://api.github.com/repos/jhy/jsoup/issues/990,bug,None
366,https://api.github.com/repos/jhy/jsoup/commits/02668f757c59f0c1a7ad8f3169faf061b4b787c1,True, skip first newline pre fix 825,https://api.github.com/repos/jhy/jsoup/issues/825, ,None
367,https://api.github.com/repos/jhy/jsoup/commits/f9307ec96a894191e5d3782601ddb49fbfc53ea6,False, space textnodes immediately block element, , ,None
368,https://api.github.com/repos/jhy/jsoup/commits/f627193ce0950f0d55ed1b4f6a2fe9973447853a,True, collapse boolean attribute empty string value fix 985,https://api.github.com/repos/jhy/jsoup/issues/985, ,None
369,https://api.github.com/repos/jhy/jsoup/commits/64eef180f610d0dad97873f6786b103700ddb8b2,False, test case deflate, , ,None
370,https://api.github.com/repos/jhy/jsoup/commits/87b54a51777248440947c91ec43652b771c42dc6,False, merge branch master 982, , ,None
371,https://api.github.com/repos/jhy/jsoup/commits/1791ef17ad6e0624a7b057b89439f7a33b3bbb82,False, adding support nested quote attribute selection, , ,None
372,https://api.github.com/repos/jhy/jsoup/commits/e9885f060d59dc2bd7351c5bd654a27cbe6de69a,False, cdata coverage, , ,None
373,https://api.github.com/repos/jhy/jsoup/commits/4c142cacf4d92b2214b3858e033d518ecdbf57f5,True, deflate encoding support fix 556 fix 964,https://api.github.com/repos/jhy/jsoup/issues/964,no-repro,None
374,https://api.github.com/repos/jhy/jsoup/commits/c07c0eead5ec708303b7bfb54c28df2e7cad19e9,True, preserve cdata section fix 406 fix 965,https://api.github.com/repos/jhy/jsoup/issues/965, ,None
375,https://api.github.com/repos/jhy/jsoup/commits/461609f686bf49177f125425c160c730700f0c7a,False, release date, , ,None
376,https://api.github.com/repos/jhy/jsoup/commits/bbef9d720df519581e457f3415bcccdde0dda382,False, maven release plugin prepare next development iteration, , ,None
377,https://api.github.com/repos/jhy/jsoup/commits/429f2c7db2b60683be76d4a82fb28a561f941909,False, maven release plugin prepare release jsoup 1.11.2, , ,None
378,https://api.github.com/repos/jhy/jsoup/commits/6b5b09d21e5a712db88a76c4547e724de42475d5,False, relax test timeout little, , ,None
379,https://api.github.com/repos/jhy/jsoup/commits/7daae314a23160ee1f3e64e106c0d50d38d5ccdf,False, exclude example artifact 700 added exclude rule pom.xml prevent class package included .jar sources.jar artifact, , ,None
380,https://api.github.com/repos/jhy/jsoup/commits/b001b304826d33f8f2b34fc7f14a931d9a97cf8a,False, renamed changelog wholetext, , ,None
381,https://api.github.com/repos/jhy/jsoup/commits/e6af571528c55832a015202ac4d8db9fc424d362,False, add element getwholetext 564 add element getwhotetext add test case nested node trim result string, , ,None
382,https://api.github.com/repos/jhy/jsoup/commits/6b1f53eeafc49e6a96f868115c19509a13000d21,False, spell check, , ,None
383,https://api.github.com/repos/jhy/jsoup/commits/3e4b76b6bbfc0ae1681d197dfacb3bf5afe0a5c1,False, deprecate, , ,None
384,https://api.github.com/repos/jhy/jsoup/commits/f4c700b8cf147638eb09aa76a7ef4f2de70f8ea9,False, added tokeniserstate test 859 added tokeniserstate test, , ,None
385,https://api.github.com/repos/jhy/jsoup/commits/c3f8caa7c16c08b803b0f34bfffdf9777c7e382c,True, normalize invisibles text fix 978,https://api.github.com/repos/jhy/jsoup/issues/978,improvement,None
386,https://api.github.com/repos/jhy/jsoup/commits/3475dc846d78e56422b3e6fdf36dfd4416f359f5,True, maintain stack namespaces fix 977,https://api.github.com/repos/jhy/jsoup/issues/977,bug,None
387,https://api.github.com/repos/jhy/jsoup/commits/8c7414da71bc7c156f44638f44718c5f70b70460,True, changelog 969,https://api.github.com/repos/jhy/jsoup/issues/969, ,None
388,https://api.github.com/repos/jhy/jsoup/commits/9cb4bf068e6e76836b5fa740d7bcc2bb058a14e5,True, merge pull request 969 lukasschlueter master fix 429,https://api.github.com/repos/jhy/jsoup/issues/429, ,None
389,https://api.github.com/repos/jhy/jsoup/commits/d1f9c8ec636bfc813f2322e42c692303fa13fe91,False, changelog cleanup, , ,None
390,https://api.github.com/repos/jhy/jsoup/commits/6f9013beaf53ab0786c4587505d1ba1f76e5eb99,False, comment cleanup, , ,None
391,https://api.github.com/repos/jhy/jsoup/commits/e38af6a351cef738885cb61fed828d9c9f6ec5a1,True, threadlocal encoder fix 970,https://api.github.com/repos/jhy/jsoup/issues/970,bug,None
392,https://api.github.com/repos/jhy/jsoup/commits/3264eee7edb8eacb4da97155a7224712dceda9e0,False, expanded sample code, , ,None
393,https://api.github.com/repos/jhy/jsoup/commits/8808e3fbc5a8f25970c151d076636ad05798ff9d,False, npe fix, , ,None
394,https://api.github.com/repos/jhy/jsoup/commits/b8411990753314ed3b746d3402dec5a65ff6d603,True, obe eof fix 972,https://api.github.com/repos/jhy/jsoup/issues/972,bug,None
395,https://api.github.com/repos/jhy/jsoup/commits/5f0714329e2763d330460efee8ccd7f69acc8e7c,False, matchtext test, , ,None
396,https://api.github.com/repos/jhy/jsoup/commits/1d7e6fa1c5fb974bdae7abeabbb1e5a48dc00967,True, matchtext fix 550,https://api.github.com/repos/jhy/jsoup/issues/550,improvement,None
397,https://api.github.com/repos/jhy/jsoup/commits/5fa76800671ff1d5477a383a0c3516d6fcc0a55a,False, fixed issue spelled correctly, , ,None
398,https://api.github.com/repos/jhy/jsoup/commits/aeaf3c1a03fe4d5bfda4d63824a1f97dcec42e74,True, search stack pre fix 722,https://api.github.com/repos/jhy/jsoup/issues/722, ,None
399,https://api.github.com/repos/jhy/jsoup/commits/f75f47397836ba2127f06c8390a87eada369f7cc,True, fix 429 remove element formdata element removed,https://api.github.com/repos/jhy/jsoup/issues/429, ,None
400,https://api.github.com/repos/jhy/jsoup/commits/4d78e0316e1eae331bc0b460f367ce878688d6d2,False, sort write time start time, , ,None
401,https://api.github.com/repos/jhy/jsoup/commits/c19acbb96c1c02deb310488677201683f6309708,True, support infinite timeouts fix 968,https://api.github.com/repos/jhy/jsoup/issues/968,bug,None
402,https://api.github.com/repos/jhy/jsoup/commits/d32321351ced83c7c2edff2abe4a8b2fa17a6bd7,False, buffer underrun test, , ,None
403,https://api.github.com/repos/jhy/jsoup/commits/e76922661ce7d97c1730052f60062d1e2eb328c4,True, correct buffer underrun chance related 967,https://api.github.com/repos/jhy/jsoup/issues/967,bug,None
404,https://api.github.com/repos/jhy/jsoup/commits/1ece207d4d14336c405e9e3c2edee3f1cf88d14d,True, handle empty buffer attribute value read fix 967,https://api.github.com/repos/jhy/jsoup/issues/967,bug,None
405,https://api.github.com/repos/jhy/jsoup/commits/adb7a15a1e2dd6742a25592602a6e8ee77b518b6,True, start stack search right spot fix bug scope search starting middle instead bottom trying limit stack depth search meant generating implied end tag stack getting shorter tried generate end tag day ultimately threw somewhat ironic max depth set prevent different ste ... sigh fix 966,https://api.github.com/repos/jhy/jsoup/issues/966,bug,None
406,https://api.github.com/repos/jhy/jsoup/commits/1b38f80d623310e84c87b2d708ed0ab648dfafc5,False, added sample site, , ,None
407,https://api.github.com/repos/jhy/jsoup/commits/3993d72f9a75ec816730356e411db5a986025a2e,False, maven release plugin prepare next development iteration, , ,None
408,https://api.github.com/repos/jhy/jsoup/commits/5dc4937611725462003f5cd87f41e56ee7829b65,False, maven release plugin prepare release jsoup 1.11.1, , ,None
409,https://api.github.com/repos/jhy/jsoup/commits/2d340db5b1ba48079b3bad81a5ffe7c9c7ac26e0,True, added shallowclone fix 900,https://api.github.com/repos/jhy/jsoup/issues/900,improvement,None
410,https://api.github.com/repos/jhy/jsoup/commits/a58c8e679c00be9abea4925d3b96c16fd2cd9c64,False, removing last class remove class attribute 963, , ,None
411,https://api.github.com/repos/jhy/jsoup/commits/5edd9aed61290b5c6123a0b498e902cc74783430,False, improved handling read timeout, , ,None
412,https://api.github.com/repos/jhy/jsoup/commits/f3035cafbbd8830de75f641920f8e5dbf0070f7c,True, moved entity data resource .class fix 959 issue impacting android like crashing first run install,https://api.github.com/repos/jhy/jsoup/issues/959, ,None
413,https://api.github.com/repos/jhy/jsoup/commits/06159687218f6b9acdcab87ac112dc680867aa7f,False, avoid covariant return type change problem compiled jdk9 run older jdks covariant return type meant older jdks find right method, , ,None
414,https://api.github.com/repos/jhy/jsoup/commits/24de855a1bc860ed8720b9941277e76c4034cf9c,False, sort validate sorted build runtime, , ,None
415,https://api.github.com/repos/jhy/jsoup/commits/72edc30eeda8ef001c043cc4ca173c6311bec887,False, moved test local server, , ,None
416,https://api.github.com/repos/jhy/jsoup/commits/fb8b60b4d3d202c6fa708f60b8b4a5a53836af24,True, limit stack search depth 100 fix 955,https://api.github.com/repos/jhy/jsoup/issues/955, ,None
417,https://api.github.com/repos/jhy/jsoup/commits/2412188026aa32491e769d6221c16a3bda6e897b,False, fixup crlf size, , ,None
418,https://api.github.com/repos/jhy/jsoup/commits/5ba643ce7b1b08757f43c0f6e173937be39ea0d7,False, proxy test, , ,None
419,https://api.github.com/repos/jhy/jsoup/commits/4685bd091a690e219e629687bf84cc6f752eff81,False, add option set mimetype uploads, , ,None
420,https://api.github.com/repos/jhy/jsoup/commits/6bce3ded2afd743f1727564f17a6d46200ddd32a,False, tidy, , ,None
421,https://api.github.com/repos/jhy/jsoup/commits/abfeea204ea0337d76931c2adfb26e62b39cdf13,False, test scope jetty, , ,None
422,https://api.github.com/repos/jhy/jsoup/commits/2b488261f65629bca62d633057566b1dfdd3038a,False, simplify, , ,None
423,https://api.github.com/repos/jhy/jsoup/commits/a63fcab33707b7b466fbbf4ce4e7e63d787ba23e,False, implemented proper total duration timeout, , ,None
424,https://api.github.com/repos/jhy/jsoup/commits/7d8abb78a1d0c4cdfa93e7e96e9b2e625486e99f,False, slowrider test interruptable read, , ,None
425,https://api.github.com/repos/jhy/jsoup/commits/bd789b079038c1b3f41d05f869c244b54840dbca,False, moved test connecttest run locally actually run ignored need implement rest, , ,None
426,https://api.github.com/repos/jhy/jsoup/commits/3c69747280c04ebb3f1df1863bcfbe5f14150c97,False, enable jetty run java7 clean stop, , ,None
427,https://api.github.com/repos/jhy/jsoup/commits/8ec29562144187ccea0c2ceb3bee08d2e9e720bc,False, first pas local test server, , ,None
428,https://api.github.com/repos/jhy/jsoup/commits/d8fb52127f867cdf5171429dac2b812382170dd5,False, close input stream reading release resource, , ,None
429,https://api.github.com/repos/jhy/jsoup/commits/a129f801497f6dc90048fa5cd52672274425cc18,False, simplified corrected impl, , ,None
430,https://api.github.com/repos/jhy/jsoup/commits/c324fabe86c0a59eb635610dc85d8d7a7be25c74,True, notification cloned element incorrectly delivered original element fix 951,https://api.github.com/repos/jhy/jsoup/issues/951,bug,None
431,https://api.github.com/repos/jhy/jsoup/commits/22a17d24279450e7e214b57beb4c0bda5f3698e5,False, small code cleanup, , ,None
432,https://api.github.com/repos/jhy/jsoup/commits/35b592536592219f1b7731641726f0c7585039a5,False, multiple header comma joined, , ,None
433,https://api.github.com/repos/jhy/jsoup/commits/f7e2868fa34b96b5c69d583ac36399dcb33fcc41,False, note header map view, , ,None
434,https://api.github.com/repos/jhy/jsoup/commits/ea00e065f6245a94f87becf7d6ea80c46bc21ef1,False, added support multiple header, , ,None
435,https://api.github.com/repos/jhy/jsoup/commits/a97672ad240f679f0071e046a119edb6d7dcbb1c,False, added, , ,None
436,https://api.github.com/repos/jhy/jsoup/commits/f75a462e020e98c2f90354b0d3ae5e6141e0e533,True, changelog 849,https://api.github.com/repos/jhy/jsoup/issues/849, ,None
437,https://api.github.com/repos/jhy/jsoup/commits/57dbebc884455205ea221f942723a496d399f86a,False, deprecation note, , ,None
438,https://api.github.com/repos/jhy/jsoup/commits/0d714da40f8d13156025d3bec7daa9746d276490,False, add unit test, , ,None
439,https://api.github.com/repos/jhy/jsoup/commits/fe001bcccd29f9659ff375a625fd575c9285ce86,False, add node.filter elements.filter convenience api, , ,None
440,https://api.github.com/repos/jhy/jsoup/commits/ad23b481e4c40fcc73c1fa59513b5a7ab0e271d6,False, add new nodefilter interface nodetraversor, , ,None
441,https://api.github.com/repos/jhy/jsoup/commits/6652240656471a34544ccc1a8c337408cd235a46,False, use static, , ,None
442,https://api.github.com/repos/jhy/jsoup/commits/6a284f14e1ddf238cbdab0cbf4e1c33dd5b81566,False, add traverse nodevisitor element, , ,None
443,https://api.github.com/repos/jhy/jsoup/commits/655e3aab5ad477a790f967f563b8d41c1267475b,False, allow static use, , ,None
444,https://api.github.com/repos/jhy/jsoup/commits/3a81df16aae71eef82e0074cb6e8953aea33dbb0,False, strip work window, , ,None
445,https://api.github.com/repos/jhy/jsoup/commits/45111a152d6568c38c268b6460045ad60f7cdeff,True, ensure android compatibility fix 948,https://api.github.com/repos/jhy/jsoup/issues/948, ,None
446,https://api.github.com/repos/jhy/jsoup/commits/925ecb3b9c87cf4ac024c6b2a8301083fd7b9175,False, travis support oraclejdk7 oracle, , ,None
447,https://api.github.com/repos/jhy/jsoup/commits/ecfcd44e33377b120fee09effea7ba3c80af3964,True, changelog 901,https://api.github.com/repos/jhy/jsoup/issues/901, ,None
448,https://api.github.com/repos/jhy/jsoup/commits/4fa93397353a7cd3cf15f9c29c40f8a18fc051e5,True, allow template inside thead tbody fix 807 901,https://api.github.com/repos/jhy/jsoup/issues/807,improvement,None
449,https://api.github.com/repos/jhy/jsoup/commits/32af6ba9f1b15f89660645a7a27f89517a0890c6,False, add unit test fix 883 893, , ,None
450,https://api.github.com/repos/jhy/jsoup/commits/929c2f8bcc6b504715355afd547f1e3551590c00,True, changelog 918,https://api.github.com/repos/jhy/jsoup/issues/918, ,None
451,https://api.github.com/repos/jhy/jsoup/commits/51163017325cf175cda594faed991c05e9fdbe77,False, fixed indexlessthan match ignore root element added test 918 fixed indexlessthan match ignore root element added test moved unit test, , ,None
452,https://api.github.com/repos/jhy/jsoup/commits/bbcf905c8228374c733e45144119582d4758ce11,False, missing test case location conversion 922 running mutation testing analysis discovered jsoup document converted w3c document location parsing never tested end propose another test case, , ,None
453,https://api.github.com/repos/jhy/jsoup/commits/410c15f17dd04588f9f402c8d27cb7a6843f0da7,False, duplicated logic called method 923 logic implemented setparentnode node parentnode, , ,None
454,https://api.github.com/repos/jhy/jsoup/commits/b27c4c14aa90c23625b105d3140fe2bab42c1cd0,False, missing test case whitespace class name 924 method check element class never tested class name end whitespace implemented functionality correct however start wantlen true start classname wantlen check removed test catch missing test case discovered mutation testing analysis, , ,None
455,https://api.github.com/repos/jhy/jsoup/commits/ac13ffd28c09afa1da96b60e2e41f646de87d4af,False, missing test case preserve behavior 925 since class attribute calling queue return different string intended behavior test preserve second assert changed assertequals textarea one two data nevertheless would cause test fail based current implementation missing behavior preservation detected running mutation testing analysis, , ,None
456,https://api.github.com/repos/jhy/jsoup/commits/8c7350baf1b8def5ca18526ef68570b24b036a0a,True, changelog 928,https://api.github.com/repos/jhy/jsoup/issues/928, ,None
457,https://api.github.com/repos/jhy/jsoup/commits/c33ba536da04e5b22a1c2740ce38761300dd13a9,True, fixed issue 916 928 fixed issue 916 fixed issue 916 inputstream closed class use jdk7 try resource close bufferreader input fixed issue 916 try resource make use throwable officially added api using normal try catch block instead,https://api.github.com/repos/jhy/jsoup/issues/916, ,None
458,https://api.github.com/repos/jhy/jsoup/commits/846108dcdfc2c884c298c5dde2ed05eda9e2fb13,True, changelog 930,https://api.github.com/repos/jhy/jsoup/issues/930, ,None
459,https://api.github.com/repos/jhy/jsoup/commits/b185fd76845a9c99e4077bc017d25d65ed58d440,True, patch issue 836 addchildren quadratic 930 patch issue 836 addchildren quadratic patch issue 836 addchildren quadratic add many child origin implementation move childnodes array per loop method add index obj performance improvement made using addall index objs .there three step reparent child use addall index objs insert child reset sibling index similar method addchildren node ... child,https://api.github.com/repos/jhy/jsoup/issues/836,improvement,None
460,https://api.github.com/repos/jhy/jsoup/commits/982ce8a3cea6158e22f351527d12853f0bd7050f,True, merge pull request 931 kno10 patch make consistency check consistent,https://api.github.com/repos/jhy/jsoup/issues/931, ,None
461,https://api.github.com/repos/jhy/jsoup/commits/6759c78198c63507b5e2c5451bf088d2e254702c,True, changelog foe 942,https://api.github.com/repos/jhy/jsoup/issues/942, ,None
462,https://api.github.com/repos/jhy/jsoup/commits/397a0caeb374c55b8dcb58e09d0faebb6e017252,False, fix parsing mixed case tag b934c5d 942, , ,None
463,https://api.github.com/repos/jhy/jsoup/commits/cd3e51d1dcfcf3c47e5146434ddbbed9ff40d823,False, version comment, , ,None
464,https://api.github.com/repos/jhy/jsoup/commits/be56a5469f1d98094f0f950948dc3aa72aede159,False, updated javadoc plugin fix bug jdk9, , ,None
465,https://api.github.com/repos/jhy/jsoup/commits/590f77e561de567305c5992f6016f1e9af2178ca,False, fixed w3c test jdk w3c dom output indented needed normalize, , ,None
466,https://api.github.com/repos/jhy/jsoup/commits/a7749a63871a7deccc33e66a22574e98264ce807,False, make consistency check consistent check null first check emptyness trimming, , ,None
467,https://api.github.com/repos/jhy/jsoup/commits/35e80a779b7908ddcd41a6a7df5f21b30bf999d2,False, added bodystream method, , ,None
468,https://api.github.com/repos/jhy/jsoup/commits/91f0354cf3090cd9e7720d36a93e5baf7b483334,False, attempt trip github license detector still mit, , ,None
469,https://api.github.com/repos/jhy/jsoup/commits/ea1fb65e9ff8eee82c4e379dc3236d09a5ab02e1,False, refactored attribute array pair linkedhashset also couple perf cpu garbage tweak, , ,None
470,https://api.github.com/repos/jhy/jsoup/commits/ea3225714c9e6e02ab17c4a79a88b71d1ea6eae3,False, merge remote tracking branch origin master, , ,None
471,https://api.github.com/repos/jhy/jsoup/commits/7c8df4ca183550cd1d818b718cd1336a97447775,False, make sure encoder work across thread, , ,None
472,https://api.github.com/repos/jhy/jsoup/commits/aff239790b5344ac99196a931d0d2efc8916156b,False, make sure encoder work across thread, , ,None
473,https://api.github.com/repos/jhy/jsoup/commits/f71712ba5d28df09c9a5b6e3c8a37f05f5e3372d,False, project slimfast refactored node hierarchy leaf node text comment script etc use byte byte, , ,None
474,https://api.github.com/repos/jhy/jsoup/commits/5e386d51f396deec5743ca9cc4e3f0e7559d3956,False, minor perf improvement lower garbage object, , ,None
475,https://api.github.com/repos/jhy/jsoup/commits/c63ccf8324539deddab636dd3c8003201024af1a,False, stringbuilder text need roll, , ,None
476,https://api.github.com/repos/jhy/jsoup/commits/d3f02400eca1c5cbf84212c46cebcff511536655,False, treat nbsp char space normalizing text still output nbsp output html text provides plain space, , ,None
477,https://api.github.com/repos/jhy/jsoup/commits/2b7550c5e2d512944cd212f20302555d20b0e6c8,True, merging 662,https://api.github.com/repos/jhy/jsoup/issues/662, ,None
478,https://api.github.com/repos/jhy/jsoup/commits/9eab14f2c4e581102bb5f8fa9943f7c0ca541016,False, updated impl test change, , ,None
479,https://api.github.com/repos/jhy/jsoup/commits/48f31787f88cfe851aeaf796c6f2809dce380f37,False, merge branch master http github.com sedran jsoup sedran master, , ,None
480,https://api.github.com/repos/jhy/jsoup/commits/a05130322dc311c2aeb63227d4890294e4a3703d,True, test self closing iframe confirms 382,https://api.github.com/repos/jhy/jsoup/issues/382, ,None
481,https://api.github.com/repos/jhy/jsoup/commits/cde6403a3c881403a7cf06f4d7d087464038daf6,False, added bufferup method response, , ,None
482,https://api.github.com/repos/jhy/jsoup/commits/195566fa6d4092c6983fbf497c37ae53a188fa90,True, allow rctext rcdata tag self close fix 906,https://api.github.com/repos/jhy/jsoup/issues/906,bug,None
483,https://api.github.com/repos/jhy/jsoup/commits/c4f6a622ef63687c23a21e795d7a3e32de222d2f,True, test case 845 actually work yet ignored,https://api.github.com/repos/jhy/jsoup/issues/845,bug,None
484,https://api.github.com/repos/jhy/jsoup/commits/d381b91393c78dcded43a8ee191d7859cd875f13,False, note calling parse twice, , ,None
485,https://api.github.com/repos/jhy/jsoup/commits/35bceca331e07938a9c4cd62d68e08740cd39575,True, cleaned self closing ack error track fix 868,https://api.github.com/repos/jhy/jsoup/issues/868,bug,None
486,https://api.github.com/repos/jhy/jsoup/commits/d51f6539c6245847f4296230077faade0e5d6973,False, changelog, , ,None
487,https://api.github.com/repos/jhy/jsoup/commits/416ad294fb97f594c05dda7da53733cea59ab0ce,False, case insensitive attribute setter 903 add failing test updating attribute using differently cased key case insensitive key comparison replacing attribute, , ,None
488,https://api.github.com/repos/jhy/jsoup/commits/654bc6f981587bd4b39b66702550bad33e1eacc9,False, stream network loading 905 implement stream based input reader change url file input buffering whole content string starting parse stream based read memory consumption loading large page network file substantially reduced, , ,None
489,https://api.github.com/repos/jhy/jsoup/commits/ad4a1bee132ee7d1167ac795407345f2bc6a1db8,False, minor inspection, , ,None
490,https://api.github.com/repos/jhy/jsoup/commits/5840fcd4a19497eff124691aef9b3bcf43ec2f55,True, incantation make travis work openjdk per http github.com travis travis issue 6483,https://api.github.com/repos/jhy/jsoup/issues/6483, ,None
491,https://api.github.com/repos/jhy/jsoup/commits/e2ff399dfdb1d4cf4ebb639d1fc2689aa2f6f3eb,False, updated java java, , ,None
492,https://api.github.com/repos/jhy/jsoup/commits/1203bd459fe137e78a2a6dc2969f3c4995b726ce,False, make sure html parser correctly reset reuse otherwise stack current form element stuffed datautil needed reparse switching content encoding also needlessly redecoding character set utf check case sensitive, , ,None
493,https://api.github.com/repos/jhy/jsoup/commits/42c0a0ecf47607d3407f7b5db966160bf98cd30f,False, normalizer final, , ,None
494,https://api.github.com/repos/jhy/jsoup/commits/3c44a7329ffe8208f6ab2e1a4df51e4fc1de1e8f,False, merge branch master http github.com jhy jsoup, , ,None
495,https://api.github.com/repos/jhy/jsoup/commits/bbe9c9747def8b62c5342a93ed6e47a872b191b9,False, made normalizer final tiny speed hint help little art runtime, , ,None
496,https://api.github.com/repos/jhy/jsoup/commits/75e1972b2b5d6afe8ee044ab760205ac687f5fe9,False, release date, , ,None
497,https://api.github.com/repos/jhy/jsoup/commits/5e5c1dca1caba3473c34c0e2e5e9cf4d7b0d9ca1,False, maven release plugin prepare next development iteration, , ,None
498,https://api.github.com/repos/jhy/jsoup/commits/2a5f524d57545becc11c92a6a50b80283d22e594,False, maven release plugin prepare release jsoup 1.10.3, , ,None
499,https://api.github.com/repos/jhy/jsoup/commits/3c81151c7b4dd4739b11f0b6aa5eff81c07fd684,False, create integer object iterators getting rid autoboxing effectively double speed selector benchmark 450 850 ops removing iterator lower bunch, , ,None
