url,state,title,label,comments_url,diff_url,patch_url
https://api.github.com/repos/mmistakes/minimal-mistakes/issues/3050,closed,Breadcrumbs top-level link is not using relative URL but site.url,Type: Bug,https://api.github.com/repos/mmistakes/minimal-mistakes/issues/3050/comments, , 
https://api.github.com/repos/mmistakes/minimal-mistakes/issues/2982,closed,404 page's search input not keyboard accessible,Type: Bug,https://api.github.com/repos/mmistakes/minimal-mistakes/issues/2982/comments, , 
https://api.github.com/repos/mmistakes/minimal-mistakes/issues/3004,closed,some url change,Type: Bug,https://api.github.com/repos/mmistakes/minimal-mistakes/issues/3004/comments, , 
https://api.github.com/repos/mmistakes/minimal-mistakes/issues/3013,closed,"Image not found in sidebar of page: ""Layout: Sidebar Custom""",Type: Bug,https://api.github.com/repos/mmistakes/minimal-mistakes/issues/3013/comments, , 
https://api.github.com/repos/mmistakes/minimal-mistakes/issues/2911,closed,the mark error ?,Type: Bug,https://api.github.com/repos/mmistakes/minimal-mistakes/issues/2911/comments, , 
https://api.github.com/repos/mmistakes/minimal-mistakes/issues/2912,closed,the url outdated,Type: Bug,https://api.github.com/repos/mmistakes/minimal-mistakes/issues/2912/comments, , 
https://api.github.com/repos/mmistakes/minimal-mistakes/issues/2936,closed,Add Arabic Translation üìù,Type: Enhancement,https://api.github.com/repos/mmistakes/minimal-mistakes/issues/2936/comments,https://github.com/mmistakes/minimal-mistakes/pull/2936.diff,https://github.com/mmistakes/minimal-mistakes/pull/2936.patch
https://api.github.com/repos/mmistakes/minimal-mistakes/issues/2597,closed,Cannot get fixurl.js (in 404.html),Type: Bug,https://api.github.com/repos/mmistakes/minimal-mistakes/issues/2597/comments, , 
https://api.github.com/repos/mmistakes/minimal-mistakes/issues/2734,closed,Update remote theme instructions,Type: Enhancement,https://api.github.com/repos/mmistakes/minimal-mistakes/issues/2734/comments,https://github.com/mmistakes/minimal-mistakes/pull/2734.diff,https://github.com/mmistakes/minimal-mistakes/pull/2734.patch
https://api.github.com/repos/mmistakes/minimal-mistakes/issues/2724,closed,Font Awesome icons in skins with black footer not visible,Type: Bug,https://api.github.com/repos/mmistakes/minimal-mistakes/issues/2724/comments, , 
https://api.github.com/repos/mmistakes/minimal-mistakes/issues/2725,closed,Indonesian translation,Type: Enhancement,https://api.github.com/repos/mmistakes/minimal-mistakes/issues/2725/comments,https://github.com/mmistakes/minimal-mistakes/pull/2725.diff,https://github.com/mmistakes/minimal-mistakes/pull/2725.patch
https://api.github.com/repos/mmistakes/minimal-mistakes/issues/2718,closed,Fix a small typo in documentation,hacktoberfest-accepted,https://api.github.com/repos/mmistakes/minimal-mistakes/issues/2718/comments,https://github.com/mmistakes/minimal-mistakes/pull/2718.diff,https://github.com/mmistakes/minimal-mistakes/pull/2718.patch
https://api.github.com/repos/mmistakes/minimal-mistakes/issues/2722,closed,Update ui-text.yml for Vietnamese,Type: Enhancement,https://api.github.com/repos/mmistakes/minimal-mistakes/issues/2722/comments,https://github.com/mmistakes/minimal-mistakes/pull/2722.diff,https://github.com/mmistakes/minimal-mistakes/pull/2722.patch
https://api.github.com/repos/mmistakes/minimal-mistakes/issues/2674,closed,Greedy-nav fix,Status: Accepted,https://api.github.com/repos/mmistakes/minimal-mistakes/issues/2674/comments,https://github.com/mmistakes/minimal-mistakes/pull/2674.diff,https://github.com/mmistakes/minimal-mistakes/pull/2674.patch
https://api.github.com/repos/mmistakes/minimal-mistakes/issues/2700,closed,Update allejo/jekyll-toc to v1.0.14,Type: Enhancement,https://api.github.com/repos/mmistakes/minimal-mistakes/issues/2700/comments,https://github.com/mmistakes/minimal-mistakes/pull/2700.diff,https://github.com/mmistakes/minimal-mistakes/pull/2700.patch
https://api.github.com/repos/mmistakes/minimal-mistakes/issues/2635,closed,"Quickstart docs reference Continuous Integration services, dead link",Type: Bug,https://api.github.com/repos/mmistakes/minimal-mistakes/issues/2635/comments, , 
https://api.github.com/repos/mmistakes/minimal-mistakes/issues/2677,closed,Documentation example doesn't point to expected result,Type: Bug,https://api.github.com/repos/mmistakes/minimal-mistakes/issues/2677/comments, , 
https://api.github.com/repos/mmistakes/minimal-mistakes/issues/2678,closed,Missing word or link in documentation. Perhaps documentation generation bug.,Type: Bug,https://api.github.com/repos/mmistakes/minimal-mistakes/issues/2678/comments, , 
https://api.github.com/repos/mmistakes/minimal-mistakes/issues/2639,closed,`entries_layout: grid` broken in various layouts,Type: Bug,https://api.github.com/repos/mmistakes/minimal-mistakes/issues/2639/comments, , 
https://api.github.com/repos/mmistakes/minimal-mistakes/issues/2621,closed,`jekyll-data` missing since 4.16.6?,Type: Enhancement,https://api.github.com/repos/mmistakes/minimal-mistakes/issues/2621/comments, , 
https://api.github.com/repos/mmistakes/minimal-mistakes/issues/2522,closed,Enhance support for bilibili videos in responsive video helper,Type: Enhancement,https://api.github.com/repos/mmistakes/minimal-mistakes/issues/2522/comments,https://github.com/mmistakes/minimal-mistakes/pull/2522.diff,https://github.com/mmistakes/minimal-mistakes/pull/2522.patch
https://api.github.com/repos/mmistakes/minimal-mistakes/issues/2549,closed,Custom comment appears under the footer,Type: Support,https://api.github.com/repos/mmistakes/minimal-mistakes/issues/2549/comments, , 
https://api.github.com/repos/mmistakes/minimal-mistakes/issues/2498,closed,Improving comment about email,Type: Enhancement,https://api.github.com/repos/mmistakes/minimal-mistakes/issues/2498/comments, , 
https://api.github.com/repos/mmistakes/minimal-mistakes/issues/2481,closed,"""A flexible two-column Jekyll theme. Perfect for building personal sites, blogs, and portfolios. Latest release v4.19.1"" - these words appears in Sitemap.", ,https://api.github.com/repos/mmistakes/minimal-mistakes/issues/2481/comments, , 
https://api.github.com/repos/mmistakes/minimal-mistakes/issues/2478,closed,Follow menu falls under post links,Type: Bug,https://api.github.com/repos/mmistakes/minimal-mistakes/issues/2478/comments, , 
https://api.github.com/repos/mmistakes/minimal-mistakes/issues/2440,closed,Author profile links not working on mobile,Type: Bug,https://api.github.com/repos/mmistakes/minimal-mistakes/issues/2440/comments, , 
https://api.github.com/repos/mmistakes/minimal-mistakes/issues/2430,closed,Update smooth-scroll.js,Type: Enhancement,https://api.github.com/repos/mmistakes/minimal-mistakes/issues/2430/comments, , 
https://api.github.com/repos/mmistakes/minimal-mistakes/issues/1168,closed,"Follow Dropdown should go away, if clicked on screen outside from dropdown menu",Type: Enhancement,https://api.github.com/repos/mmistakes/minimal-mistakes/issues/1168/comments, , 
https://api.github.com/repos/mmistakes/minimal-mistakes/issues/2386,closed,Staticman v2 provider configuration inconsistency,Type: Bug,https://api.github.com/repos/mmistakes/minimal-mistakes/issues/2386/comments, , 
https://api.github.com/repos/mmistakes/minimal-mistakes/issues/2429,closed,Broken vertical / horizontal header images with v4.18.1,Type: Bug,https://api.github.com/repos/mmistakes/minimal-mistakes/issues/2429/comments, , 
https://api.github.com/repos/mmistakes/minimal-mistakes/issues/2423,closed,Change `Update Gemfile` in Quick-Start Guide to a bigger heading size., ,https://api.github.com/repos/mmistakes/minimal-mistakes/issues/2423/comments, , 
https://api.github.com/repos/mmistakes/minimal-mistakes/issues/2332,closed,Update masthead.html,Status: Accepted,https://api.github.com/repos/mmistakes/minimal-mistakes/issues/2332/comments,https://github.com/mmistakes/minimal-mistakes/pull/2332.diff,https://github.com/mmistakes/minimal-mistakes/pull/2332.patch
https://api.github.com/repos/mmistakes/minimal-mistakes/issues/2378,closed,Allow using theme without pagination,Type: Enhancement,https://api.github.com/repos/mmistakes/minimal-mistakes/issues/2378/comments,https://github.com/mmistakes/minimal-mistakes/pull/2378.diff,https://github.com/mmistakes/minimal-mistakes/pull/2378.patch
https://api.github.com/repos/mmistakes/minimal-mistakes/issues/2363,closed,High resolution screenshots?,Type: Enhancement,https://api.github.com/repos/mmistakes/minimal-mistakes/issues/2363/comments, , 
https://api.github.com/repos/mmistakes/minimal-mistakes/issues/2354,closed,Newlines in SEO description get replaced with zero whitespace,Type: Bug,https://api.github.com/repos/mmistakes/minimal-mistakes/issues/2354/comments, , 
https://api.github.com/repos/mmistakes/minimal-mistakes/issues/2327,closed,Extra space added when using a feature_row,Type: Bug,https://api.github.com/repos/mmistakes/minimal-mistakes/issues/2327/comments, , 
https://api.github.com/repos/mmistakes/minimal-mistakes/issues/2310,closed,Typo: CHANGELOG.md 4.17.1 != 4.17.2 ,Type: Bug,https://api.github.com/repos/mmistakes/minimal-mistakes/issues/2310/comments, , 
https://api.github.com/repos/mmistakes/minimal-mistakes/issues/2281,closed,Footer breaks when using a browser toolbar,Type: Bug,https://api.github.com/repos/mmistakes/minimal-mistakes/issues/2281/comments, , 
https://api.github.com/repos/mmistakes/minimal-mistakes/issues/2246,closed,Click on Headers for permalink,Type: Enhancement,https://api.github.com/repos/mmistakes/minimal-mistakes/issues/2246/comments, , 
https://api.github.com/repos/mmistakes/minimal-mistakes/issues/2241,closed,Security vulnerability due to npm scripts,Type: Security,https://api.github.com/repos/mmistakes/minimal-mistakes/issues/2241/comments, , 
https://api.github.com/repos/mmistakes/minimal-mistakes/issues/1906,closed,missing trailing slash in structured data,Type: Bug,https://api.github.com/repos/mmistakes/minimal-mistakes/issues/1906/comments, , 
https://api.github.com/repos/mmistakes/minimal-mistakes/issues/2222,closed,Post: Link not working as expected,Type: Bug,https://api.github.com/repos/mmistakes/minimal-mistakes/issues/2222/comments, , 
https://api.github.com/repos/mmistakes/minimal-mistakes/issues/2180,closed,pa11y finding: Search input lacks name for accessibility APIs,Type: Enhancement,https://api.github.com/repos/mmistakes/minimal-mistakes/issues/2180/comments, , 
https://api.github.com/repos/mmistakes/minimal-mistakes/issues/2205,closed,Display site subtitle in masthead,Type: Enhancement,https://api.github.com/repos/mmistakes/minimal-mistakes/issues/2205/comments,https://github.com/mmistakes/minimal-mistakes/pull/2205.diff,https://github.com/mmistakes/minimal-mistakes/pull/2205.patch
https://api.github.com/repos/mmistakes/minimal-mistakes/issues/2184,closed,Use Font Awesome Kits?,Type: Enhancement,https://api.github.com/repos/mmistakes/minimal-mistakes/issues/2184/comments, , 
https://api.github.com/repos/mmistakes/minimal-mistakes/issues/2193,closed,Forgotten console.log in lunr-en.js?,Type: Enhancement,https://api.github.com/repos/mmistakes/minimal-mistakes/issues/2193/comments, , 
https://api.github.com/repos/mmistakes/minimal-mistakes/issues/2192,closed,Not building because of typo in _includes/skip-links.html,Type: Bug,https://api.github.com/repos/mmistakes/minimal-mistakes/issues/2192/comments, , 
https://api.github.com/repos/mmistakes/minimal-mistakes/issues/2182,closed,Adding skip nav links?,Type: Enhancement,https://api.github.com/repos/mmistakes/minimal-mistakes/issues/2182/comments, , 
https://api.github.com/repos/mmistakes/minimal-mistakes/issues/2156,closed,Pound symbol '#' not displayed properly in post tags and categories,Type: Bug,https://api.github.com/repos/mmistakes/minimal-mistakes/issues/2156/comments, , 
https://api.github.com/repos/mmistakes/minimal-mistakes/issues/2137,closed,Javascript error - Cannot read property 'content' of undefined,Type: Bug,https://api.github.com/repos/mmistakes/minimal-mistakes/issues/2137/comments, , 
https://api.github.com/repos/mmistakes/minimal-mistakes/issues/2140,closed,Javascript error when pages containing TOC are resized,Type: Bug,https://api.github.com/repos/mmistakes/minimal-mistakes/issues/2140/comments, , 
https://api.github.com/repos/mmistakes/minimal-mistakes/issues/2127,closed,Update jQuery to v3.4.0,Type: Enhancement,https://api.github.com/repos/mmistakes/minimal-mistakes/issues/2127/comments, , 
https://api.github.com/repos/mmistakes/minimal-mistakes/issues/2122,closed,Enhance Search UX on Mobile, ,https://api.github.com/repos/mmistakes/minimal-mistakes/issues/2122/comments, , 
https://api.github.com/repos/mmistakes/minimal-mistakes/issues/2110,closed,Ease adding scripts that depend on jQuery,Type: Enhancement,https://api.github.com/repos/mmistakes/minimal-mistakes/issues/2110/comments, , 
https://api.github.com/repos/mmistakes/minimal-mistakes/issues/2075,closed,Footnote links no longer working properly,Type: Bug,https://api.github.com/repos/mmistakes/minimal-mistakes/issues/2075/comments, , 
https://api.github.com/repos/mmistakes/minimal-mistakes/issues/2092,closed,Task lists rendering in GFM,Type: Enhancement,https://api.github.com/repos/mmistakes/minimal-mistakes/issues/2092/comments, , 
https://api.github.com/repos/mmistakes/minimal-mistakes/issues/2077,closed,Add tip on how to start a YouTube embed at a given timestamp,Type: Enhancement,https://api.github.com/repos/mmistakes/minimal-mistakes/issues/2077/comments,https://github.com/mmistakes/minimal-mistakes/pull/2077.diff,https://github.com/mmistakes/minimal-mistakes/pull/2077.patch
https://api.github.com/repos/mmistakes/minimal-mistakes/issues/2078,closed,'ordered-unordered-unordered list' bug,Type: Bug,https://api.github.com/repos/mmistakes/minimal-mistakes/issues/2078/comments, , 
https://api.github.com/repos/mmistakes/minimal-mistakes/issues/219,closed,Error: could not read file (/path/to/file): no implicit conversion of Fixnum into Array, ,https://api.github.com/repos/mmistakes/minimal-mistakes/issues/219/comments, , 
https://api.github.com/repos/mmistakes/minimal-mistakes/issues/2020,closed,Scrollspy-style updating of hash and TOC highlighting,Type: Enhancement,https://api.github.com/repos/mmistakes/minimal-mistakes/issues/2020/comments,https://github.com/mmistakes/minimal-mistakes/pull/2020.diff,https://github.com/mmistakes/minimal-mistakes/pull/2020.patch
https://api.github.com/repos/mmistakes/minimal-mistakes/issues/1767,closed,Smooth scroll breaks back button,Type: Enhancement,https://api.github.com/repos/mmistakes/minimal-mistakes/issues/1767/comments, , 
https://api.github.com/repos/mmistakes/minimal-mistakes/issues/2008,closed,Wide tables are wider than parent div,Type: Bug,https://api.github.com/repos/mmistakes/minimal-mistakes/issues/2008/comments, , 
https://api.github.com/repos/mmistakes/minimal-mistakes/issues/1994,closed,"Sample post for ""Post: Image (Linked with Caption)"" has broken Flickr link",Type: Bug,https://api.github.com/repos/mmistakes/minimal-mistakes/issues/1994/comments, , 
https://api.github.com/repos/mmistakes/minimal-mistakes/issues/1986,closed,Being able to have a sidebar nav and title block,Type: Bug,https://api.github.com/repos/mmistakes/minimal-mistakes/issues/1986/comments, , 
https://api.github.com/repos/mmistakes/minimal-mistakes/issues/1977,closed,Security vulnerability due to a npm script ‚ö†Ô∏è,Status: Accepted,https://api.github.com/repos/mmistakes/minimal-mistakes/issues/1977/comments, , 
https://api.github.com/repos/mmistakes/minimal-mistakes/issues/1909,closed,Support for utterances,Type: Enhancement,https://api.github.com/repos/mmistakes/minimal-mistakes/issues/1909/comments, , 
https://api.github.com/repos/mmistakes/minimal-mistakes/issues/1922,closed,add integrity hash for Font Awesome script,Type: Enhancement,https://api.github.com/repos/mmistakes/minimal-mistakes/issues/1922/comments,https://github.com/mmistakes/minimal-mistakes/pull/1922.diff,https://github.com/mmistakes/minimal-mistakes/pull/1922.patch
https://api.github.com/repos/mmistakes/minimal-mistakes/issues/1940,closed,Broken link in layouts docs,Type: Bug,https://api.github.com/repos/mmistakes/minimal-mistakes/issues/1940/comments, , 
https://api.github.com/repos/mmistakes/minimal-mistakes/issues/1917,closed,Breadcrumbs placement is incorrect,Type: Bug,https://api.github.com/repos/mmistakes/minimal-mistakes/issues/1917/comments, , 
https://api.github.com/repos/mmistakes/minimal-mistakes/issues/1887,closed,Hindi Translation of ui-text,Type: Enhancement,https://api.github.com/repos/mmistakes/minimal-mistakes/issues/1887/comments, , 
https://api.github.com/repos/mmistakes/minimal-mistakes/issues/1905,closed,`include_cached` preventing Disqus comments from displaying,Type: Bug,https://api.github.com/repos/mmistakes/minimal-mistakes/issues/1905/comments, , 
https://api.github.com/repos/mmistakes/minimal-mistakes/issues/1903,closed,Algolia search results links are messed up after the entire archive is clickable,Type: Bug,https://api.github.com/repos/mmistakes/minimal-mistakes/issues/1903/comments, , 
https://api.github.com/repos/mmistakes/minimal-mistakes/issues/1882,closed,Lunr Update to current release: 2.3.3,Type: Enhancement,https://api.github.com/repos/mmistakes/minimal-mistakes/issues/1882/comments, , 
https://api.github.com/repos/mmistakes/minimal-mistakes/issues/1883,closed,Lunr search index merging words across newlines,Type: Bug,https://api.github.com/repos/mmistakes/minimal-mistakes/issues/1883/comments, , 
https://api.github.com/repos/mmistakes/minimal-mistakes/issues/1875,closed,Liquid Exception: Liquid syntax error (line 16): Unknown tag 'include_cached' in /_layouts/default.htm,Type: Support,https://api.github.com/repos/mmistakes/minimal-mistakes/issues/1875/comments, , 
https://api.github.com/repos/mmistakes/minimal-mistakes/issues/1835,closed,Remove unneeded HandheldFriendly and MobileOptimized meta tags,Type: Enhancement,https://api.github.com/repos/mmistakes/minimal-mistakes/issues/1835/comments, , 
https://api.github.com/repos/mmistakes/minimal-mistakes/issues/1581,closed,Improve author link flexibility,Type: Enhancement,https://api.github.com/repos/mmistakes/minimal-mistakes/issues/1581/comments, , 
https://api.github.com/repos/mmistakes/minimal-mistakes/issues/1461,closed,Have more than one cta button in header overlay,Type: Enhancement,https://api.github.com/repos/mmistakes/minimal-mistakes/issues/1461/comments, , 
https://api.github.com/repos/mmistakes/minimal-mistakes/issues/1821,closed,"Adding ""Half"" and ""Full"" class for galleries defined via front matter",Type: Enhancement,https://api.github.com/repos/mmistakes/minimal-mistakes/issues/1821/comments, , 
https://api.github.com/repos/mmistakes/minimal-mistakes/issues/1819,closed,Toggle Menu not showing up on small screens,Type: Bug,https://api.github.com/repos/mmistakes/minimal-mistakes/issues/1819/comments, , 
https://api.github.com/repos/mmistakes/minimal-mistakes/issues/1820,closed,Bootstrap button animation issue,Type: Bug,https://api.github.com/repos/mmistakes/minimal-mistakes/issues/1820/comments, , 
https://api.github.com/repos/mmistakes/minimal-mistakes/issues/1782,closed,TOC min / max header level configuration,Type: Enhancement,https://api.github.com/repos/mmistakes/minimal-mistakes/issues/1782/comments, , 
https://api.github.com/repos/mmistakes/minimal-mistakes/issues/1554,closed,emoji is displaying not in original size in # Site Author section,Type: Support,https://api.github.com/repos/mmistakes/minimal-mistakes/issues/1554/comments, , 
https://api.github.com/repos/mmistakes/minimal-mistakes/issues/1681,closed,Hungarian translation of ut-text,Type: Enhancement,https://api.github.com/repos/mmistakes/minimal-mistakes/issues/1681/comments, , 
https://api.github.com/repos/mmistakes/minimal-mistakes/issues/1440,closed,Adding `caption` attribute to `Feature Row` component,Type: Enhancement,https://api.github.com/repos/mmistakes/minimal-mistakes/issues/1440/comments, , 
https://api.github.com/repos/mmistakes/minimal-mistakes/issues/1652,closed,Add support for Google Custom Search Engine,Type: Enhancement,https://api.github.com/repos/mmistakes/minimal-mistakes/issues/1652/comments, , 
https://api.github.com/repos/mmistakes/minimal-mistakes/issues/1675,closed,Table of contents missing border between last parent header and all children,Type: Bug,https://api.github.com/repos/mmistakes/minimal-mistakes/issues/1675/comments, , 
https://api.github.com/repos/mmistakes/minimal-mistakes/issues/1588,closed,absolute_url vs relative_url,Type: Support,https://api.github.com/repos/mmistakes/minimal-mistakes/issues/1588/comments, , 
https://api.github.com/repos/mmistakes/minimal-mistakes/issues/1491,closed,Bump to jQuery 3.3.1,Type: Enhancement,https://api.github.com/repos/mmistakes/minimal-mistakes/issues/1491/comments, , 
https://api.github.com/repos/mmistakes/minimal-mistakes/issues/1416,closed,Add support for additional search providers,Type: Enhancement,https://api.github.com/repos/mmistakes/minimal-mistakes/issues/1416/comments, , 
https://api.github.com/repos/mmistakes/minimal-mistakes/issues/1506,closed,Extra spaces (and blank lines) introduced in html files,Type: Support,https://api.github.com/repos/mmistakes/minimal-mistakes/issues/1506/comments, , 
https://api.github.com/repos/mmistakes/minimal-mistakes/issues/1482,closed,Author icons does not adapt to dark minimal_mistakes_skin.,Type: Bug,https://api.github.com/repos/mmistakes/minimal-mistakes/issues/1482/comments, , 
https://api.github.com/repos/mmistakes/minimal-mistakes/issues/1467,closed,Syntax highlighting - inconsistent line number spacing,Type: Bug,https://api.github.com/repos/mmistakes/minimal-mistakes/issues/1467/comments, , 
https://api.github.com/repos/mmistakes/minimal-mistakes/issues/289,closed,Author object tags showing at top of page,Type: Bug,https://api.github.com/repos/mmistakes/minimal-mistakes/issues/289/comments, , 
https://api.github.com/repos/mmistakes/minimal-mistakes/issues/1396,closed,Update Font Awesome to version 5,Type: Enhancement,https://api.github.com/repos/mmistakes/minimal-mistakes/issues/1396/comments, , 
https://api.github.com/repos/mmistakes/minimal-mistakes/issues/1447,closed,Stuck sidebar overlaps main content,Type: Bug,https://api.github.com/repos/mmistakes/minimal-mistakes/issues/1447/comments, , 
https://api.github.com/repos/mmistakes/minimal-mistakes/issues/1437,closed,Highlighted code block with line-numbers shows too much whitespace,Type: Support,https://api.github.com/repos/mmistakes/minimal-mistakes/issues/1437/comments, , 
https://api.github.com/repos/mmistakes/minimal-mistakes/issues/1429,closed,Split excerpt into archive_excerpt and overlay_excerpt,Type: Enhancement,https://api.github.com/repos/mmistakes/minimal-mistakes/issues/1429/comments, , 
https://api.github.com/repos/mmistakes/minimal-mistakes/issues/1419,closed,Update Lunr,Type: Enhancement,https://api.github.com/repos/mmistakes/minimal-mistakes/issues/1419/comments,https://github.com/mmistakes/minimal-mistakes/pull/1419.diff,https://github.com/mmistakes/minimal-mistakes/pull/1419.patch
https://api.github.com/repos/mmistakes/minimal-mistakes/issues/1415,closed,"""jekyll trace"" command doesn't give desired result  ",Type: Upstream,https://api.github.com/repos/mmistakes/minimal-mistakes/issues/1415/comments, , 
https://api.github.com/repos/mmistakes/minimal-mistakes/issues/1369,closed,Add option to search in specific collections,Type: Enhancement,https://api.github.com/repos/mmistakes/minimal-mistakes/issues/1369/comments,https://github.com/mmistakes/minimal-mistakes/pull/1369.diff,https://github.com/mmistakes/minimal-mistakes/pull/1369.patch
https://api.github.com/repos/mmistakes/minimal-mistakes/issues/1350,closed,Alexa 'Claim your site' has been retired.,Type: Idea,https://api.github.com/repos/mmistakes/minimal-mistakes/issues/1350/comments, , 
https://api.github.com/repos/mmistakes/minimal-mistakes/issues/1011,closed,search via jquery,Status: Accepted,https://api.github.com/repos/mmistakes/minimal-mistakes/issues/1011/comments, , 
https://api.github.com/repos/mmistakes/minimal-mistakes/issues/1346,closed,Import from Wordpress to Staticman support,Type: Enhancement,https://api.github.com/repos/mmistakes/minimal-mistakes/issues/1346/comments, , 
https://api.github.com/repos/mmistakes/minimal-mistakes/issues/1339,closed,Use theme gem on GitHub Pages,Type: Enhancement,https://api.github.com/repos/mmistakes/minimal-mistakes/issues/1339/comments, , 
https://api.github.com/repos/mmistakes/minimal-mistakes/issues/1316,closed,provide (stronger) per-page override for `og:image`,Type: Enhancement,https://api.github.com/repos/mmistakes/minimal-mistakes/issues/1316/comments, , 
https://api.github.com/repos/mmistakes/minimal-mistakes/issues/1222,closed,Toggle table of contents via front matter,Type: Enhancement,https://api.github.com/repos/mmistakes/minimal-mistakes/issues/1222/comments, , 
https://api.github.com/repos/mmistakes/minimal-mistakes/issues/1304,closed,Polish locale,Type: Enhancement,https://api.github.com/repos/mmistakes/minimal-mistakes/issues/1304/comments,https://github.com/mmistakes/minimal-mistakes/pull/1304.diff,https://github.com/mmistakes/minimal-mistakes/pull/1304.patch
https://api.github.com/repos/mmistakes/minimal-mistakes/issues/803,closed,Add support for Staticman new comment notifications + nested comments,Type: Enhancement,https://api.github.com/repos/mmistakes/minimal-mistakes/issues/803/comments, , 
https://api.github.com/repos/mmistakes/minimal-mistakes/issues/1099,closed,Improve Accessibility of the Navigation Menu Button,Type: Enhancement,https://api.github.com/repos/mmistakes/minimal-mistakes/issues/1099/comments, , 
https://api.github.com/repos/mmistakes/minimal-mistakes/issues/1289,closed,System font renders incorrectly in Chrome on macOS/OS X,Type: Bug,https://api.github.com/repos/mmistakes/minimal-mistakes/issues/1289/comments, , 
https://api.github.com/repos/mmistakes/minimal-mistakes/issues/1273,closed,Make it explicit that Staticman doesn't work with anything other than GitHub,Type: Enhancement,https://api.github.com/repos/mmistakes/minimal-mistakes/issues/1273/comments, , 
https://api.github.com/repos/mmistakes/minimal-mistakes/issues/1268,closed,Conflicting quick-start instructions about assets,Type: Support,https://api.github.com/repos/mmistakes/minimal-mistakes/issues/1268/comments, , 
https://api.github.com/repos/mmistakes/minimal-mistakes/issues/1238,closed,Include jQuery above page__footer to allow for upgrade-safe custom JavaScript,Type: Enhancement,https://api.github.com/repos/mmistakes/minimal-mistakes/issues/1238/comments, , 
https://api.github.com/repos/mmistakes/minimal-mistakes/issues/1208,closed,"Add color ""skins"" to the theme",Type: Enhancement,https://api.github.com/repos/mmistakes/minimal-mistakes/issues/1208/comments, , 
https://api.github.com/repos/mmistakes/minimal-mistakes/issues/1213,closed,"Items in ""You may also enjoy section overlap"" $x-large     ",Type: Enhancement,https://api.github.com/repos/mmistakes/minimal-mistakes/issues/1213/comments, , 
https://api.github.com/repos/mmistakes/minimal-mistakes/issues/978,closed,Replace `site.related_posts` with Liquid loops for improved relevancy,Type: Enhancement,https://api.github.com/repos/mmistakes/minimal-mistakes/issues/978/comments,https://github.com/mmistakes/minimal-mistakes/pull/978.diff,https://github.com/mmistakes/minimal-mistakes/pull/978.patch
https://api.github.com/repos/mmistakes/minimal-mistakes/issues/1223,closed,Liquid syntax error: Expected dotdot but found pipe in category-list.html,Type: Bug,https://api.github.com/repos/mmistakes/minimal-mistakes/issues/1223/comments, , 
https://api.github.com/repos/mmistakes/minimal-mistakes/issues/1087,closed,"Add conditional comment to http-equiv=""cleartype"" meta tag",Type: Enhancement,https://api.github.com/repos/mmistakes/minimal-mistakes/issues/1087/comments,https://github.com/mmistakes/minimal-mistakes/pull/1087.diff,https://github.com/mmistakes/minimal-mistakes/pull/1087.patch
https://api.github.com/repos/mmistakes/minimal-mistakes/issues/1199,closed,duplicate `disqus_thread` in HTML id,Type: Bug,https://api.github.com/repos/mmistakes/minimal-mistakes/issues/1199/comments, , 
https://api.github.com/repos/mmistakes/minimal-mistakes/issues/1196,closed,Print adds a lot of extra pages,Type: Bug,https://api.github.com/repos/mmistakes/minimal-mistakes/issues/1196/comments, , 
https://api.github.com/repos/mmistakes/minimal-mistakes/issues/1182,closed,Embedded Discourse url problems,Type: Enhancement,https://api.github.com/repos/mmistakes/minimal-mistakes/issues/1182/comments, , 
https://api.github.com/repos/mmistakes/minimal-mistakes/issues/1167,closed,Follow dropdown has positioning issues,Type: Bug,https://api.github.com/repos/mmistakes/minimal-mistakes/issues/1167/comments, , 
https://api.github.com/repos/mmistakes/minimal-mistakes/issues/1169,closed,Table of contents out of screen when using Splash Layout,Type: Bug,https://api.github.com/repos/mmistakes/minimal-mistakes/issues/1169/comments, , 
https://api.github.com/repos/mmistakes/minimal-mistakes/issues/1155,closed,Correct `.page` width and padding to visually center,Type: Enhancement,https://api.github.com/repos/mmistakes/minimal-mistakes/issues/1155/comments, , 
https://api.github.com/repos/mmistakes/minimal-mistakes/issues/1158,closed,Issue with minifying plugins,Type: Bug,https://api.github.com/repos/mmistakes/minimal-mistakes/issues/1158/comments, , 
https://api.github.com/repos/mmistakes/minimal-mistakes/issues/1136,closed,Social networks disappear after resizing,Type: Bug,https://api.github.com/repos/mmistakes/minimal-mistakes/issues/1136/comments, , 
https://api.github.com/repos/mmistakes/minimal-mistakes/issues/1114,closed,Deprecation warning with sass gem 3.5,Type: Enhancement,https://api.github.com/repos/mmistakes/minimal-mistakes/issues/1114/comments, , 
https://api.github.com/repos/mmistakes/minimal-mistakes/issues/706,closed,Sidebar: Not able to see overflow content in sidebar until scroll down till the end of the page., ,https://api.github.com/repos/mmistakes/minimal-mistakes/issues/706/comments, , 
https://api.github.com/repos/mmistakes/minimal-mistakes/issues/972,closed,Update 08-ui-text.md, ,https://api.github.com/repos/mmistakes/minimal-mistakes/issues/972/comments,https://github.com/mmistakes/minimal-mistakes/pull/972.diff,https://github.com/mmistakes/minimal-mistakes/pull/972.patch
https://api.github.com/repos/mmistakes/minimal-mistakes/issues/975,closed,Masthead navicon shows inverted behavior,Type: Bug,https://api.github.com/repos/mmistakes/minimal-mistakes/issues/975/comments, , 
https://api.github.com/repos/mmistakes/minimal-mistakes/issues/944,closed,Vimeo fails to play when served over HTTPS,Type: Bug,https://api.github.com/repos/mmistakes/minimal-mistakes/issues/944/comments, , 
https://api.github.com/repos/mmistakes/minimal-mistakes/issues/933,closed,Video full screen with masthead and footer,Type: Bug,https://api.github.com/repos/mmistakes/minimal-mistakes/issues/933/comments, , 
https://api.github.com/repos/mmistakes/minimal-mistakes/issues/929,closed,Use last_modified_at instead of or in addition to modified?,Type: Enhancement,https://api.github.com/repos/mmistakes/minimal-mistakes/issues/929/comments, , 
https://api.github.com/repos/mmistakes/minimal-mistakes/issues/909,closed,Improve print stylesheet,Type: Enhancement,https://api.github.com/repos/mmistakes/minimal-mistakes/issues/909/comments, , 
https://api.github.com/repos/mmistakes/minimal-mistakes/issues/900,closed,"Odd condition on ""You May Also Enjoy"" translated string displaying",Type: Bug,https://api.github.com/repos/mmistakes/minimal-mistakes/issues/900/comments, , 
https://api.github.com/repos/mmistakes/minimal-mistakes/issues/722,closed,Theme asset files are not overwritten properly (trying to update FontAwesome),Type: Bug,https://api.github.com/repos/mmistakes/minimal-mistakes/issues/722/comments, , 
https://api.github.com/repos/mmistakes/minimal-mistakes/issues/843,closed,"Theme's default locale value, ""en"", makes Facebook displeased",Type: Enhancement,https://api.github.com/repos/mmistakes/minimal-mistakes/issues/843/comments, , 
https://api.github.com/repos/mmistakes/minimal-mistakes/issues/858,closed,"meta tag ""author"" added, for site author the field name is used",Type: Enhancement,https://api.github.com/repos/mmistakes/minimal-mistakes/issues/858/comments,https://github.com/mmistakes/minimal-mistakes/pull/858.diff,https://github.com/mmistakes/minimal-mistakes/pull/858.patch
https://api.github.com/repos/mmistakes/minimal-mistakes/issues/847,closed,Added a few clarifying comments,Type: Enhancement,https://api.github.com/repos/mmistakes/minimal-mistakes/issues/847/comments,https://github.com/mmistakes/minimal-mistakes/pull/847.diff,https://github.com/mmistakes/minimal-mistakes/pull/847.patch
https://api.github.com/repos/mmistakes/minimal-mistakes/issues/838,closed,Added zh-TW translation.,Type: Enhancement,https://api.github.com/repos/mmistakes/minimal-mistakes/issues/838/comments,https://github.com/mmistakes/minimal-mistakes/pull/838.diff,https://github.com/mmistakes/minimal-mistakes/pull/838.patch
https://api.github.com/repos/mmistakes/minimal-mistakes/issues/576,closed,Repair aggressive box-shadow in navigation.,Type: Enhancement,https://api.github.com/repos/mmistakes/minimal-mistakes/issues/576/comments,https://github.com/mmistakes/minimal-mistakes/pull/576.diff,https://github.com/mmistakes/minimal-mistakes/pull/576.patch
https://api.github.com/repos/mmistakes/minimal-mistakes/issues/834,closed,Added Korean data in ui-text.yml,Type: Enhancement,https://api.github.com/repos/mmistakes/minimal-mistakes/issues/834/comments,https://github.com/mmistakes/minimal-mistakes/pull/834.diff,https://github.com/mmistakes/minimal-mistakes/pull/834.patch
https://api.github.com/repos/mmistakes/minimal-mistakes/issues/815,closed,Localization of a date format and adding Russian language,Type: Enhancement,https://api.github.com/repos/mmistakes/minimal-mistakes/issues/815/comments, , 
https://api.github.com/repos/mmistakes/minimal-mistakes/issues/836,closed,Long `site.title` breaks masthead on small screens,Type: Bug,https://api.github.com/repos/mmistakes/minimal-mistakes/issues/836/comments, , 
https://api.github.com/repos/mmistakes/minimal-mistakes/issues/759,closed,Odd CSS Borders around Google Site Search Results,Type: Bug,https://api.github.com/repos/mmistakes/minimal-mistakes/issues/759/comments, , 
https://api.github.com/repos/mmistakes/minimal-mistakes/issues/752,closed,`position: sticky` causes sidebar overlap in Chrome,Type: Bug,https://api.github.com/repos/mmistakes/minimal-mistakes/issues/752/comments, , 
https://api.github.com/repos/mmistakes/minimal-mistakes/issues/703,closed,"Dynamic `words_per_minute` ""less than"" and ""minute read"" values",Type: Enhancement,https://api.github.com/repos/mmistakes/minimal-mistakes/issues/703/comments, , 
https://api.github.com/repos/mmistakes/minimal-mistakes/issues/716,closed,Youtube social links use legacy URL format,Type: Enhancement,https://api.github.com/repos/mmistakes/minimal-mistakes/issues/716/comments, , 
https://api.github.com/repos/mmistakes/minimal-mistakes/issues/723,closed,Update Font Awesome to 4.7.0,Type: Enhancement,https://api.github.com/repos/mmistakes/minimal-mistakes/issues/723/comments, , 
https://api.github.com/repos/mmistakes/minimal-mistakes/issues/694,closed,Padding issue with pagination buttons,Type: Bug,https://api.github.com/repos/mmistakes/minimal-mistakes/issues/694/comments, , 
https://api.github.com/repos/mmistakes/minimal-mistakes/issues/683,closed,Staticman comments `path` config,Type: Enhancement,https://api.github.com/repos/mmistakes/minimal-mistakes/issues/683/comments, , 
https://api.github.com/repos/mmistakes/minimal-mistakes/issues/668,closed,Long sidebar overlaps with post content when unfolded,Type: Bug,https://api.github.com/repos/mmistakes/minimal-mistakes/issues/668/comments, , 
https://api.github.com/repos/mmistakes/minimal-mistakes/issues/657,closed,Read time not displayed for posts,Type: Bug,https://api.github.com/repos/mmistakes/minimal-mistakes/issues/657/comments, , 
https://api.github.com/repos/mmistakes/minimal-mistakes/issues/607,closed,collapse sidebar to hamburger,Type: Enhancement,https://api.github.com/repos/mmistakes/minimal-mistakes/issues/607/comments, , 
https://api.github.com/repos/mmistakes/minimal-mistakes/issues/582,closed,ID of staticman comments section not sufficiently unique,Type: Enhancement,https://api.github.com/repos/mmistakes/minimal-mistakes/issues/582/comments, , 
https://api.github.com/repos/mmistakes/minimal-mistakes/issues/583,closed,On hover sidebar jumps/flickers,Type: Bug,https://api.github.com/repos/mmistakes/minimal-mistakes/issues/583/comments, , 
https://api.github.com/repos/mmistakes/minimal-mistakes/issues/568,closed,"Navigation bar animation ""flicker"" with Safari 10",Type: Bug,https://api.github.com/repos/mmistakes/minimal-mistakes/issues/568/comments, , 
https://api.github.com/repos/mmistakes/minimal-mistakes/issues/533,closed,Revisit responsive typography,Type: Enhancement,https://api.github.com/repos/mmistakes/minimal-mistakes/issues/533/comments, , 
https://api.github.com/repos/mmistakes/minimal-mistakes/issues/449,closed,Translate UI text for new strings,Type: Help Needed,https://api.github.com/repos/mmistakes/minimal-mistakes/issues/449/comments, , 
https://api.github.com/repos/mmistakes/minimal-mistakes/issues/513,closed,Improve line numbered code block styling,Type: Enhancement,https://api.github.com/repos/mmistakes/minimal-mistakes/issues/513/comments, , 
https://api.github.com/repos/mmistakes/minimal-mistakes/issues/458,closed,Schema.org markup for comments,Type: Enhancement,https://api.github.com/repos/mmistakes/minimal-mistakes/issues/458/comments, , 
https://api.github.com/repos/mmistakes/minimal-mistakes/issues/448,closed, Improve UX of static comment forms,Type: Enhancement,https://api.github.com/repos/mmistakes/minimal-mistakes/issues/448/comments, , 
https://api.github.com/repos/mmistakes/minimal-mistakes/issues/424,closed,Static-based commenting via Staticman,Type: Enhancement,https://api.github.com/repos/mmistakes/minimal-mistakes/issues/424/comments, , 
https://api.github.com/repos/mmistakes/minimal-mistakes/issues/333,closed,Using Jekyll's inbuilt sass/scss compiler,Type: Enhancement,https://api.github.com/repos/mmistakes/minimal-mistakes/issues/333/comments, , 
https://api.github.com/repos/mmistakes/minimal-mistakes/issues/417,closed,RSS feed no longer generated,Type: Bug,https://api.github.com/repos/mmistakes/minimal-mistakes/issues/417/comments, , 
https://api.github.com/repos/mmistakes/minimal-mistakes/issues/412,closed,Broken `teaser` image in archive single grid type,Type: Bug,https://api.github.com/repos/mmistakes/minimal-mistakes/issues/412/comments, , 
https://api.github.com/repos/mmistakes/minimal-mistakes/issues/407,closed,Add `en` defaults to all UI text strings,Type: Enhancement,https://api.github.com/repos/mmistakes/minimal-mistakes/issues/407/comments, , 
https://api.github.com/repos/mmistakes/minimal-mistakes/issues/379,closed,Add different feed providers,Type: Enhancement,https://api.github.com/repos/mmistakes/minimal-mistakes/issues/379/comments,https://github.com/mmistakes/minimal-mistakes/pull/379.diff,https://github.com/mmistakes/minimal-mistakes/pull/379.patch
https://api.github.com/repos/mmistakes/minimal-mistakes/issues/402,closed,Limitation in the no of images in gallery ,Type: Bug,https://api.github.com/repos/mmistakes/minimal-mistakes/issues/402/comments, , 
https://api.github.com/repos/mmistakes/minimal-mistakes/issues/396,closed,navigation links sidebar overlays main body text on small screens,Type: Bug,https://api.github.com/repos/mmistakes/minimal-mistakes/issues/396/comments, , 
https://api.github.com/repos/mmistakes/minimal-mistakes/issues/276,closed,Improve link posts,Type: Enhancement,https://api.github.com/repos/mmistakes/minimal-mistakes/issues/276/comments, , 
https://api.github.com/repos/mmistakes/minimal-mistakes/issues/253,closed,"Flip ahead browsing via rel=""next"" and rel=""prev""",Type: Enhancement,https://api.github.com/repos/mmistakes/minimal-mistakes/issues/253/comments, , 
https://api.github.com/repos/mmistakes/minimal-mistakes/issues/385,closed,Enable Magnific Popup gallery view on small screens,Type: Enhancement,https://api.github.com/repos/mmistakes/minimal-mistakes/issues/385/comments, , 
https://api.github.com/repos/mmistakes/minimal-mistakes/issues/377,closed,No text displayed for 'Next' or 'Previous' for en-GB locale,Type: Bug,https://api.github.com/repos/mmistakes/minimal-mistakes/issues/377/comments, , 
https://api.github.com/repos/mmistakes/minimal-mistakes/issues/372,closed,Clicking Follow Button and resizing removes links.,Type: Bug,https://api.github.com/repos/mmistakes/minimal-mistakes/issues/372/comments, , 
https://api.github.com/repos/mmistakes/minimal-mistakes/issues/356,closed,read-time.html wording for longer posts, ,https://api.github.com/repos/mmistakes/minimal-mistakes/issues/356/comments, , 
https://api.github.com/repos/mmistakes/minimal-mistakes/issues/354,closed,Remove hand cursor from author location,Type: Enhancement,https://api.github.com/repos/mmistakes/minimal-mistakes/issues/354/comments,https://github.com/mmistakes/minimal-mistakes/pull/354.diff,https://github.com/mmistakes/minimal-mistakes/pull/354.patch
https://api.github.com/repos/mmistakes/minimal-mistakes/issues/357,closed,Contributing,Type: Enhancement,https://api.github.com/repos/mmistakes/minimal-mistakes/issues/357/comments, , 
https://api.github.com/repos/mmistakes/minimal-mistakes/issues/347,closed,Yandex and Alexa verifications require missing configuration flags,Type: Bug,https://api.github.com/repos/mmistakes/minimal-mistakes/issues/347/comments, , 
https://api.github.com/repos/mmistakes/minimal-mistakes/issues/317,closed,Liquid Exception: divided by 0 error,Type: Bug,https://api.github.com/repos/mmistakes/minimal-mistakes/issues/317/comments, , 
https://api.github.com/repos/mmistakes/minimal-mistakes/issues/341,closed,Author profile links' alignment are off in sidebar,Type: Bug,https://api.github.com/repos/mmistakes/minimal-mistakes/issues/341/comments, , 
https://api.github.com/repos/mmistakes/minimal-mistakes/issues/334,closed,Individual image captions?,Type: Enhancement,https://api.github.com/repos/mmistakes/minimal-mistakes/issues/334/comments, , 
https://api.github.com/repos/mmistakes/minimal-mistakes/issues/329,closed,Categories & tags show locally but not on github pages,Type: Bug,https://api.github.com/repos/mmistakes/minimal-mistakes/issues/329/comments, , 
https://api.github.com/repos/mmistakes/minimal-mistakes/issues/302,closed,Duplicate class in _utilites.css,Type: Enhancement,https://api.github.com/repos/mmistakes/minimal-mistakes/issues/302/comments, , 
https://api.github.com/repos/mmistakes/minimal-mistakes/issues/285,closed,Question - Archive layout items,Type: Bug,https://api.github.com/repos/mmistakes/minimal-mistakes/issues/285/comments, , 
https://api.github.com/repos/mmistakes/minimal-mistakes/issues/279,closed,Wired code snippet added to /tags view,Type: Bug,https://api.github.com/repos/mmistakes/minimal-mistakes/issues/279/comments, , 
https://api.github.com/repos/mmistakes/minimal-mistakes/issues/277,closed,Fix og_image URL in seo.html,Type: Bug,https://api.github.com/repos/mmistakes/minimal-mistakes/issues/277/comments, , 
https://api.github.com/repos/mmistakes/minimal-mistakes/issues/272,closed,Improve nav_list helper,Type: Enhancement,https://api.github.com/repos/mmistakes/minimal-mistakes/issues/272/comments, , 
https://api.github.com/repos/mmistakes/minimal-mistakes/issues/273,closed,Related posts positioning slightly off,Type: Bug,https://api.github.com/repos/mmistakes/minimal-mistakes/issues/273/comments, , 
https://api.github.com/repos/mmistakes/minimal-mistakes/issues/274,closed,Fix Follow button alignment in author profile,Type: Enhancement,https://api.github.com/repos/mmistakes/minimal-mistakes/issues/274/comments, , 
https://api.github.com/repos/mmistakes/minimal-mistakes/issues/271,closed,Reading Time bug,Type: Bug,https://api.github.com/repos/mmistakes/minimal-mistakes/issues/271/comments, , 
https://api.github.com/repos/mmistakes/minimal-mistakes/issues/263,closed,z-index stacking issue between table of contents and code blocks,Type: Bug,https://api.github.com/repos/mmistakes/minimal-mistakes/issues/263/comments, , 
https://api.github.com/repos/mmistakes/minimal-mistakes/issues/262,closed,Sidebar position:fixed at wrong breakpoints,Type: Bug,https://api.github.com/repos/mmistakes/minimal-mistakes/issues/262/comments, , 
https://api.github.com/repos/mmistakes/minimal-mistakes/issues/256,closed,Add bitbucket icon,Type: Enhancement,https://api.github.com/repos/mmistakes/minimal-mistakes/issues/256/comments,https://github.com/mmistakes/minimal-mistakes/pull/256.diff,https://github.com/mmistakes/minimal-mistakes/pull/256.patch
https://api.github.com/repos/mmistakes/minimal-mistakes/issues/188,closed,Support for Keybase.io in author bio/info,Type: Enhancement,https://api.github.com/repos/mmistakes/minimal-mistakes/issues/188/comments, , 
https://api.github.com/repos/mmistakes/minimal-mistakes/issues/179,closed,Add button to share via linkedin,Type: Enhancement,https://api.github.com/repos/mmistakes/minimal-mistakes/issues/179/comments,https://github.com/mmistakes/minimal-mistakes/pull/179.diff,https://github.com/mmistakes/minimal-mistakes/pull/179.patch
https://api.github.com/repos/mmistakes/minimal-mistakes/issues/229,closed,Use uglifyjs npm script,Type: Enhancement,https://api.github.com/repos/mmistakes/minimal-mistakes/issues/229/comments,https://github.com/mmistakes/minimal-mistakes/pull/229.diff,https://github.com/mmistakes/minimal-mistakes/pull/229.patch
https://api.github.com/repos/mmistakes/minimal-mistakes/issues/205,closed,Add link to RSS feed,Type: Enhancement,https://api.github.com/repos/mmistakes/minimal-mistakes/issues/205/comments, , 
https://api.github.com/repos/mmistakes/minimal-mistakes/issues/182,closed,Remove navigation role as it is unnecessary,Type: Enhancement,https://api.github.com/repos/mmistakes/minimal-mistakes/issues/182/comments,https://github.com/mmistakes/minimal-mistakes/pull/182.diff,https://github.com/mmistakes/minimal-mistakes/pull/182.patch
https://api.github.com/repos/mmistakes/minimal-mistakes/issues/218,closed,Upgrade to jekyll 3.0, ,https://api.github.com/repos/mmistakes/minimal-mistakes/issues/218/comments, , 
https://api.github.com/repos/mmistakes/minimal-mistakes/issues/216,closed,Fix typo in `bundle exec` command,Type: Bug Fix,https://api.github.com/repos/mmistakes/minimal-mistakes/issues/216/comments,https://github.com/mmistakes/minimal-mistakes/pull/216.diff,https://github.com/mmistakes/minimal-mistakes/pull/216.patch
https://api.github.com/repos/mmistakes/minimal-mistakes/issues/163,closed,The file named _octopress.yml doesn't worked.,Type: Enhancement,https://api.github.com/repos/mmistakes/minimal-mistakes/issues/163/comments, , 
https://api.github.com/repos/mmistakes/minimal-mistakes/issues/191,closed,menu button on print,Type: Enhancement,https://api.github.com/repos/mmistakes/minimal-mistakes/issues/191/comments, , 
https://api.github.com/repos/mmistakes/minimal-mistakes/issues/199,closed,Fix home markup for link posts,Type: Bug Fix,https://api.github.com/repos/mmistakes/minimal-mistakes/issues/199/comments,https://github.com/mmistakes/minimal-mistakes/pull/199.diff,https://github.com/mmistakes/minimal-mistakes/pull/199.patch
https://api.github.com/repos/mmistakes/minimal-mistakes/issues/190,closed,Removed duplicate 'powered by Disqus',Type: Bug Fix,https://api.github.com/repos/mmistakes/minimal-mistakes/issues/190/comments,https://github.com/mmistakes/minimal-mistakes/pull/190.diff,https://github.com/mmistakes/minimal-mistakes/pull/190.patch
https://api.github.com/repos/mmistakes/minimal-mistakes/issues/185,closed,Underline links in emphasized blocks,Type: Bug Fix,https://api.github.com/repos/mmistakes/minimal-mistakes/issues/185/comments,https://github.com/mmistakes/minimal-mistakes/pull/185.diff,https://github.com/mmistakes/minimal-mistakes/pull/185.patch
https://api.github.com/repos/mmistakes/minimal-mistakes/issues/178,closed,font-awesome version 4.1 instead of 4.4, ,https://api.github.com/repos/mmistakes/minimal-mistakes/issues/178/comments, , 
https://api.github.com/repos/mmistakes/minimal-mistakes/issues/175,closed,navtoogle or navtoggle in scss?,Type: Bug,https://api.github.com/repos/mmistakes/minimal-mistakes/issues/175/comments, , 
https://api.github.com/repos/mmistakes/minimal-mistakes/issues/166,closed,Simplify year output logic in post_index,Type: Enhancement,https://api.github.com/repos/mmistakes/minimal-mistakes/issues/166/comments,https://github.com/mmistakes/minimal-mistakes/pull/166.diff,https://github.com/mmistakes/minimal-mistakes/pull/166.patch
https://api.github.com/repos/mmistakes/minimal-mistakes/issues/141,closed,Remove trailing whitespace,Type: Bug Fix,https://api.github.com/repos/mmistakes/minimal-mistakes/issues/141/comments,https://github.com/mmistakes/minimal-mistakes/pull/141.diff,https://github.com/mmistakes/minimal-mistakes/pull/141.patch
https://api.github.com/repos/mmistakes/minimal-mistakes/issues/157,closed,Stackoverflow username explanation,Type: Enhancement,https://api.github.com/repos/mmistakes/minimal-mistakes/issues/157/comments,https://github.com/mmistakes/minimal-mistakes/pull/157.diff,https://github.com/mmistakes/minimal-mistakes/pull/157.patch
https://api.github.com/repos/mmistakes/minimal-mistakes/issues/158,closed,fix typo,Type: Bug Fix,https://api.github.com/repos/mmistakes/minimal-mistakes/issues/158/comments,https://github.com/mmistakes/minimal-mistakes/pull/158.diff,https://github.com/mmistakes/minimal-mistakes/pull/158.patch
https://api.github.com/repos/mmistakes/minimal-mistakes/issues/156,closed,Add CodePen to owner social options,Type: Enhancement,https://api.github.com/repos/mmistakes/minimal-mistakes/issues/156/comments,https://github.com/mmistakes/minimal-mistakes/pull/156.diff,https://github.com/mmistakes/minimal-mistakes/pull/156.patch
https://api.github.com/repos/mmistakes/minimal-mistakes/issues/149,closed,facebook share posts didn't pick the banner feature image.,Type: Bug,https://api.github.com/repos/mmistakes/minimal-mistakes/issues/149/comments, , 
https://api.github.com/repos/mmistakes/minimal-mistakes/issues/131,closed,Update _author-bio.html,Type: Bug Fix,https://api.github.com/repos/mmistakes/minimal-mistakes/issues/131/comments,https://github.com/mmistakes/minimal-mistakes/pull/131.diff,https://github.com/mmistakes/minimal-mistakes/pull/131.patch
https://api.github.com/repos/mmistakes/minimal-mistakes/issues/130,closed,"In Germany XING is more popular than LinkedIn, so I added a link to the XING profile",Type: Enhancement,https://api.github.com/repos/mmistakes/minimal-mistakes/issues/130/comments,https://github.com/mmistakes/minimal-mistakes/pull/130.diff,https://github.com/mmistakes/minimal-mistakes/pull/130.patch
https://api.github.com/repos/mmistakes/minimal-mistakes/issues/128,closed,404 page does not work (with github pages), ,https://api.github.com/repos/mmistakes/minimal-mistakes/issues/128/comments, , 
https://api.github.com/repos/mmistakes/minimal-mistakes/issues/42,closed,include social sharing (as in hpstr),Type: Enhancement,https://api.github.com/repos/mmistakes/minimal-mistakes/issues/42/comments, , 
https://api.github.com/repos/mmistakes/minimal-mistakes/issues/120,closed,Remove Google Authorship,Type: Enhancement,https://api.github.com/repos/mmistakes/minimal-mistakes/issues/120/comments, , 
https://api.github.com/repos/mmistakes/minimal-mistakes/issues/119,closed,add Flickr social button to author-bio.html,Type: Enhancement,https://api.github.com/repos/mmistakes/minimal-mistakes/issues/119/comments,https://github.com/mmistakes/minimal-mistakes/pull/119.diff,https://github.com/mmistakes/minimal-mistakes/pull/119.patch
https://api.github.com/repos/mmistakes/minimal-mistakes/issues/116,closed,add social button in author-bio.html,Type: Enhancement,https://api.github.com/repos/mmistakes/minimal-mistakes/issues/116/comments,https://github.com/mmistakes/minimal-mistakes/pull/116.diff,https://github.com/mmistakes/minimal-mistakes/pull/116.patch
https://api.github.com/repos/mmistakes/minimal-mistakes/issues/112,closed,Missing trail </a>,Type: Bug Fix,https://api.github.com/repos/mmistakes/minimal-mistakes/issues/112/comments,https://github.com/mmistakes/minimal-mistakes/pull/112.diff,https://github.com/mmistakes/minimal-mistakes/pull/112.patch
https://api.github.com/repos/mmistakes/minimal-mistakes/issues/95,closed,"Fixed width fa icons for cleaner stacking, plus youtube and soundcloud",Type: Bug Fix,https://api.github.com/repos/mmistakes/minimal-mistakes/issues/95/comments,https://github.com/mmistakes/minimal-mistakes/pull/95.diff,https://github.com/mmistakes/minimal-mistakes/pull/95.patch
https://api.github.com/repos/mmistakes/minimal-mistakes/issues/86,closed,"Layout css, Pages vs Home and Posts",Type: Bug,https://api.github.com/repos/mmistakes/minimal-mistakes/issues/86/comments, , 
https://api.github.com/repos/mmistakes/minimal-mistakes/issues/81,closed,removed unused <a> tag in _author-bio.html,Type: Bug Fix,https://api.github.com/repos/mmistakes/minimal-mistakes/issues/81/comments,https://github.com/mmistakes/minimal-mistakes/pull/81.diff,https://github.com/mmistakes/minimal-mistakes/pull/81.patch
https://api.github.com/repos/mmistakes/minimal-mistakes/issues/80,closed,Fix up small spelling mistake in ad code.,Type: Bug Fix,https://api.github.com/repos/mmistakes/minimal-mistakes/issues/80/comments,https://github.com/mmistakes/minimal-mistakes/pull/80.diff,https://github.com/mmistakes/minimal-mistakes/pull/80.patch
https://api.github.com/repos/mmistakes/minimal-mistakes/issues/71,closed,Author Override for the Feed,Type: Enhancement,https://api.github.com/repos/mmistakes/minimal-mistakes/issues/71/comments,https://github.com/mmistakes/minimal-mistakes/pull/71.diff,https://github.com/mmistakes/minimal-mistakes/pull/71.patch
https://api.github.com/repos/mmistakes/minimal-mistakes/issues/70,closed,Delete Gemfile.lock,Type: Enhancement,https://api.github.com/repos/mmistakes/minimal-mistakes/issues/70/comments,https://github.com/mmistakes/minimal-mistakes/pull/70.diff,https://github.com/mmistakes/minimal-mistakes/pull/70.patch
https://api.github.com/repos/mmistakes/minimal-mistakes/issues/68,closed,Long email address breaks sidebar,Type: Bug,https://api.github.com/repos/mmistakes/minimal-mistakes/issues/68/comments, , 
https://api.github.com/repos/mmistakes/minimal-mistakes/issues/35,closed,no email in bio,Type: Enhancement,https://api.github.com/repos/mmistakes/minimal-mistakes/issues/35/comments, , 
https://api.github.com/repos/mmistakes/minimal-mistakes/issues/67,closed,minor fix to link color settings,Type: Enhancement,https://api.github.com/repos/mmistakes/minimal-mistakes/issues/67/comments,https://github.com/mmistakes/minimal-mistakes/pull/67.diff,https://github.com/mmistakes/minimal-mistakes/pull/67.patch
https://api.github.com/repos/mmistakes/minimal-mistakes/issues/64,closed,Fix of post link icons after switch to Font Awesome.,Type: Bug Fix,https://api.github.com/repos/mmistakes/minimal-mistakes/issues/64/comments,https://github.com/mmistakes/minimal-mistakes/pull/64.diff,https://github.com/mmistakes/minimal-mistakes/pull/64.patch
https://api.github.com/repos/mmistakes/minimal-mistakes/issues/63,closed,Replace Icomoon web font with Font Awesome,Type: Enhancement,https://api.github.com/repos/mmistakes/minimal-mistakes/issues/63/comments, , 
https://api.github.com/repos/mmistakes/minimal-mistakes/issues/58,closed,"Exclude Gemfile, Gemfile.lock, LICENSE and README.",Type: Enhancement,https://api.github.com/repos/mmistakes/minimal-mistakes/issues/58/comments,https://github.com/mmistakes/minimal-mistakes/pull/58.diff,https://github.com/mmistakes/minimal-mistakes/pull/58.patch
https://api.github.com/repos/mmistakes/minimal-mistakes/issues/57,closed,A link in README leads to 404, ,https://api.github.com/repos/mmistakes/minimal-mistakes/issues/57/comments, , 
https://api.github.com/repos/mmistakes/minimal-mistakes/issues/55,closed,Bump up the versions of Jekyll and other dependencies,Type: Enhancement,https://api.github.com/repos/mmistakes/minimal-mistakes/issues/55/comments,https://github.com/mmistakes/minimal-mistakes/pull/55.diff,https://github.com/mmistakes/minimal-mistakes/pull/55.patch
https://api.github.com/repos/mmistakes/minimal-mistakes/issues/49,closed,Embedded gist style conflict, ,https://api.github.com/repos/mmistakes/minimal-mistakes/issues/49/comments, , 
https://api.github.com/repos/mmistakes/minimal-mistakes/issues/47,closed,Fix link,Type: Bug Fix,https://api.github.com/repos/mmistakes/minimal-mistakes/issues/47/comments,https://github.com/mmistakes/minimal-mistakes/pull/47.diff,https://github.com/mmistakes/minimal-mistakes/pull/47.patch
https://api.github.com/repos/mmistakes/minimal-mistakes/issues/46,closed,s/font-color/color in page.less,Type: Bug Fix,https://api.github.com/repos/mmistakes/minimal-mistakes/issues/46/comments,https://github.com/mmistakes/minimal-mistakes/pull/46.diff,https://github.com/mmistakes/minimal-mistakes/pull/46.patch
https://api.github.com/repos/mmistakes/minimal-mistakes/issues/40,closed,add colored buttons,Type: Enhancement,https://api.github.com/repos/mmistakes/minimal-mistakes/issues/40/comments, , 
https://api.github.com/repos/mmistakes/minimal-mistakes/issues/45,closed,padding below linkpost seems smaller,Type: Enhancement,https://api.github.com/repos/mmistakes/minimal-mistakes/issues/45/comments, , 
https://api.github.com/repos/mmistakes/minimal-mistakes/issues/39,closed,add info about notices in sample post,Type: Enhancement,https://api.github.com/repos/mmistakes/minimal-mistakes/issues/39/comments,https://github.com/mmistakes/minimal-mistakes/pull/39.diff,https://github.com/mmistakes/minimal-mistakes/pull/39.patch
https://api.github.com/repos/mmistakes/minimal-mistakes/issues/43,closed,"Link posts / Linklog (john gruber style, similar to hpstr)", ,https://api.github.com/repos/mmistakes/minimal-mistakes/issues/43/comments,https://github.com/mmistakes/minimal-mistakes/pull/43.diff,https://github.com/mmistakes/minimal-mistakes/pull/43.patch
https://api.github.com/repos/mmistakes/minimal-mistakes/issues/38,closed,add disqus comments as per hpstr theme, ,https://api.github.com/repos/mmistakes/minimal-mistakes/issues/38/comments,https://github.com/mmistakes/minimal-mistakes/pull/38.diff,https://github.com/mmistakes/minimal-mistakes/pull/38.patch
https://api.github.com/repos/mmistakes/minimal-mistakes/issues/33,closed,figure environment will only accept .jpg, ,https://api.github.com/repos/mmistakes/minimal-mistakes/issues/33/comments, , 
https://api.github.com/repos/mmistakes/minimal-mistakes/issues/32,closed,padding below images is small, ,https://api.github.com/repos/mmistakes/minimal-mistakes/issues/32/comments, , 
https://api.github.com/repos/mmistakes/minimal-mistakes/issues/31,closed,Hotlinked images,Type: Enhancement,https://api.github.com/repos/mmistakes/minimal-mistakes/issues/31/comments,https://github.com/mmistakes/minimal-mistakes/pull/31.diff,https://github.com/mmistakes/minimal-mistakes/pull/31.patch
https://api.github.com/repos/mmistakes/minimal-mistakes/issues/24,closed,author bio image alignment,Type: Bug,https://api.github.com/repos/mmistakes/minimal-mistakes/issues/24/comments, , 
https://api.github.com/repos/mmistakes/minimal-mistakes/issues/30,closed,Accept Google+ handle instead of full URL for bio link and authorship stuff,Type: Enhancement,https://api.github.com/repos/mmistakes/minimal-mistakes/issues/30/comments,https://github.com/mmistakes/minimal-mistakes/pull/30.diff,https://github.com/mmistakes/minimal-mistakes/pull/30.patch
https://api.github.com/repos/mmistakes/minimal-mistakes/issues/22,closed,Stack Exchange/Stack Overflow in author bio, ,https://api.github.com/repos/mmistakes/minimal-mistakes/issues/22/comments, , 
https://api.github.com/repos/mmistakes/minimal-mistakes/issues/21,closed,Make sure HTML code matches in post about images, ,https://api.github.com/repos/mmistakes/minimal-mistakes/issues/21/comments, , 
https://api.github.com/repos/mmistakes/minimal-mistakes/issues/19,closed,Broken link in theme-setup.md, ,https://api.github.com/repos/mmistakes/minimal-mistakes/issues/19/comments, , 
https://api.github.com/repos/mmistakes/minimal-mistakes/issues/17,closed,Correct url to Last.fm profile, ,https://api.github.com/repos/mmistakes/minimal-mistakes/issues/17/comments,https://github.com/mmistakes/minimal-mistakes/pull/17.diff,https://github.com/mmistakes/minimal-mistakes/pull/17.patch
https://api.github.com/repos/mmistakes/minimal-mistakes/issues/16,closed,Correct url to jekyll,Type: Bug Fix,https://api.github.com/repos/mmistakes/minimal-mistakes/issues/16/comments,https://github.com/mmistakes/minimal-mistakes/pull/16.diff,https://github.com/mmistakes/minimal-mistakes/pull/16.patch
https://api.github.com/repos/mmistakes/minimal-mistakes/issues/13,closed,Make Markdown tables take 100% width,Type: Enhancement,https://api.github.com/repos/mmistakes/minimal-mistakes/issues/13/comments,https://github.com/mmistakes/minimal-mistakes/pull/13.diff,https://github.com/mmistakes/minimal-mistakes/pull/13.patch
https://api.github.com/repos/mmistakes/minimal-mistakes/issues/10,closed,Navigation links are not always clickable (mobile), ,https://api.github.com/repos/mmistakes/minimal-mistakes/issues/10/comments, , 
https://api.github.com/repos/mmistakes/minimal-mistakes/issues/5,closed,Add config for external links in nav,Type: Enhancement,https://api.github.com/repos/mmistakes/minimal-mistakes/issues/5/comments, , 
https://api.github.com/repos/mmistakes/minimal-mistakes/issues/3,closed,Posts on home are using wrong descriptions,Type: Bug,https://api.github.com/repos/mmistakes/minimal-mistakes/issues/3/comments, , 
